合併正規化值,正規化
"""1.P對UVW open 2.金屬屑污染,DR28燒壞,case融損""","1.P對UVW OPEN 2.金屬屑污染,DR28燒毀,CASE融損"
"""3臺電腦系統報警,驅動器通電無顯示 2臺寫的保護管變形/少按鈕""","3台電腦系統報警,驅動器通電無顯示,2台寫的保護管變形,少按鈕"
"""走位不準。需要故障分析 """,走位不准需要故障分析
"""通電不亮 """,通電不亮
(亂碼,亂碼
(新機上電亂碼,上電後異常
-,~
001報警,AL001
001頻繁報警,AL001
003低壓報警,AL003
003報警,AL003
"006,009,031報警","AL006,AL009,AL031"
006報警,AL006
009報警,AL009
011報警,AL011
06A/009/091/報OC/燒壞/通電不顯示/黑屏/螺絲擰不緊/幹擾找其他站號,"AL009,AL06A,AL091"
083震動,AL083
09F,AL09F
09f報警,AL09F
0X0C31/Z軸上不去,"0X0C31,Z軸上不去"
"1.DO功能測試正常 2.P1-53=0,剎車功能關閉","1.DO功能測試正常 2.P1~53=0,剎車功能關閉"
"1.P對R open 2.DD22打火,二極管特性正常,R相銅箔熔斷","1.P對R OPEN 2.DD22打火,二極管特性正常,R相銅箔熔斷"
"1.P對U open,對VW短路","1.P對U OPEN,對VW SHORT"
"1.VBUS電壓顯示偏低234VDC 2.電錶量測U12-PIN9(VDET-) VBUS電壓跳動,顯示正常",1.VBUS電壓顯示偏低234VDC
"1.上電無顯示,L1L2端子打火,J6端子外力損壞 2.U2 3.3V對GND短路。","1.上電無顯示,L1L2端子打火,J6端子外力損壞 2.U2 3.3V對GND SHORT"
1.散熱片有泡水受潮痕跡 2.IGBT PIN9對COM短路3.驅動光耦DPH7輸出異常,1.散熱片有泡水受潮痕迹 2.IGBT PIN9對COM SHORT3.驅動光耦DPH7輸出異常
11號報警,AL011
11號報警CN2壞,"AL011,CN2壞"
1號報警,AL001
"3.3VD迴路短路,1.2V迴路短路,5V上電U24,U33異常發熱,移除U24,U33短路狀態消失","3.3VD迴路SHORT,1.2V迴路SHORT,5V上電U24,U33異常發熱,移除U24,U33 SHORT狀態消失"
3.3V及1.2V短路,3.3V及1.2V SHORT
"3.3V擊穿迴路擊穿,5V單獨上電,FPGA異常發熱,U21燒壞","3.3V擊穿迴路擊穿,5V單獨上電,FPGA異常發熱,U21燒毀"
3.3V短路,3.3V SHORT
31號報警,AL031
37\39\41\43點位無法使用,"PIN37,PIN39,PIN41,PIN43點位無法使用"
"3臺寫的報警RL09C,1臺寫的通訊不上",AL003
3號報警,AL09C
485通訊不良,"485連接不上,軟件也通訊不上"
"485連接不上,軟件也通訊不上",485通訊不良
5VD GD短路,5VD_GD SHORT
5VD_USB與DGND短路,5VD_USB與DGND SHORT
5VD只有3VDC,5VD無輸出
5VD無輸出,5VD只有3VDC
"5驅動不了電機,上使能無反應,軟件上看報ALC31",ALC31
6號報警,AL006
"83報警問題,輸出壞",AL083
83號報警,AL083
85號報警,AL085
A09F,AL09F
"AB機,R相螺絲損壞","AB機,R端子_螺絲損壞"
AL0006,AL006
"AL001,另外懷疑5V芯片有問題",AL001
"AL001,過電流",AL001
AL001/AL006報警,AL001
AL001報警,AL001
"AL001報警,申請換週轉機",AL001
AL001報警頻繁會跳閘,AL001
AL001過電流,AL001
AL003低壓報警,AL003
AL003報警,AL003
AL006報警,AL006
AL01,AL001
AL011 過電流,AL011
"AL011,CN2插口接觸不良",AL011
AL011報警,AL011
AL011過電流,AL011
AL013緊急停止,AL013
AL016報警,AL016
AL022報警,AL022
AL022電源異常,AL022
AL031報警,AL031
AL033報警,AL033
AL035報警,AL035
AL06,AL006
AL06報警,AL006
"AL083,AL001","AL001,AL083"
"AL085,AL001","AL001,AL085"
AL085/AL09F,"AL085,AL09F"
AL085報警,AL085
AL086報警,AL086
AL09,AL009
AL099報警,AL099
AL09F報警,AL09F
AL0Cdb,AL0CDB
AL1400 伺服參數異常,AL1400
AL180報警,AL180
AL3E1通訊同步失效,AL3E1
AL99韌體錯誤,AL099
ALC31報警,ALC31
ALE33報警,ALE33
ALO9F自用,AL09F
"A口通訊異常,B口通訊正常","A接口通訊異常,B口通訊正常"
B3-400w驅動問題,B3~400w驅動問題
BDSP1-數碼管DIG1-B不亮特性0.258VDC,"BDSP1~數碼管,DIG1~B不亮特性0.258VDC"
"BI模式,導致AL011","BI模式,AL011"
BJ1 Pin14與Pin16維修錫短,BJ1 PIN14與PIN16維修錫短
"BL01,BL06報警","BL001,BL006"
BSW1/BSW2/BSW3/BSW4/BSW5鉚點外力損壞,"BSW1,BSW2,BSW3,BSW4,BSW5鉚點外力損壞"
"BSW1斷裂,DR58損壞,DPM1的W相引腳熔斷,焊盤処有錫","BSW1斷裂,DR58損壞,DPM1的W相引脚熔斷,焊盤処有錫"
BSW2外力損壞,BSW2損壞
"BUS電容鼓包,整流子擊穿,回升電阻open","BUS電容鼓包,整流子擊穿,回升電阻OPEN"
B軸報警09C,B軸AL09C
B軸報警ALM085,B軸AL085
"B軸報警ALM085,CN4USB接口無法連接,CN4通訊不上,C軸伺服驅動器燒壞,報警06,點位燒壞,過載報警,通電顯示不亮,通訊不上,找不到站點",B軸AL085
C144短路,C144 SHORT
C20/C21阻抗偏低,"C20,C21阻抗偏低"
"C20低阻抗,1.4kohm,C21 1Mohm,DSP材料異常","C20低阻抗,1.4kohm,C21,1Mohm,DSP材料異常"
"C20低阻抗,1.7kohm,C21 1Mohm,J10 端子應力損壞","C20低阻抗,1.7kohm,C21,1Mohm,J10,端子應力損壞"
C23碎件短路,C23碎件SHORT
C65低阻抗短路,C65低阻抗SHORT
"CASE處有兩處輕微劃痕,鎖線端子絕緣擋片為撞斷","CASE處有兩處輕微劃痕,鎖線端子絕緣擋片爲撞斷"
CN1 Pin腳燒碳化,CN1 PIN腳燒毀碳化
"CN1剎車引腳輸出異常,電機剎車無法打開。","CN1刹車引脚輸出異常,電機刹車無法打開,二次報修"
"CN1剎車引腳輸出異常,電機剎車無法打開。/二次報修",CN1的DO1損壞
"CN1有問題,給脈衝不走","CN1有問題,給脉衝不走"
CN1的DO1損壞,"CN1刹車引脚輸出異常,電機刹車無法打開"
CN1針腳壞,CN1針脚壞
CN2接口不良,CN2接口異常
CN2接口壞,CN2接口開裂
CN2接口壞了,CN2接口開裂
CN2接口插不緊,CN2接口異常
CN2接口損壞,CN2接口開裂
CN2接口斜,CN2接口異常
CN2接口歪,CN2接口異常
CN2接口沒扣,CN2接口異常
CN2接口變形,CN2接口開裂
"CN2插口不良,卡不住CN2線",CN2異常
CN2端子PIN腳斷,CN2端子PIN斷裂
"CN2編碼器線接口接觸不良,松",CN2異常
CN3口不良,CN3異常
CN4 PIN腳被壓彎,"CN4,PIN腳被壓彎"
CN4口損壞,CN4接口損壞
CN4口母pin位置偏移,CN4接口母PIN位置偏移
CN4口退pin,CN4接口退PIN
CN4壞,CN4異常
CN4接口無法通訊,CN4通訊異常
CN4插口不良,CN4接口損壞
"CN4端口有異物,線能插上,但無法連接",CN4接口損壞
CN4與電腦無法連接,CN4通訊異常
CN4退pin,CN4退PIN
CN4通訊不上,CN4通訊異常
"CN4通訊不上,驅動器燒壞,報警06","CN4通訊異常,AL006"
CN6 OUT口通訊不通,CN6接口異常
"CN6口異常,無法連接",CN6接口異常
"CN6找不到站號,報警AL185","CN6找不到站號,AL185"
CN6無法通訊,CN6通訊異常
CN6端口損壞,CN6接口異常
CN6網口通訊壞,CN6接口異常
CN6總線口無法通訊,CN6接口異常
CND-AL001,CND~AL001
CND-AL003,CND~AL003
CND-AL006,CND~AL006
CND-AL083,CND~AL083
CND-AL1200,CND~AL1200
CND-AL2300,CND~AL2300
CND-AL555,CND~AL555
CND-ALCDB,CND~ALCDB
"CND-CN4不能用,參數設置異常","CND~CN4不能用,參數設置異常"
"CND-DTB1端子打火,內部有兩處有錫絲","CND~DTB1端子打火,內部有兩處有錫絲"
CND-UVW異常,CND~UVW異常
CND-上電無顯示,CND~上電無顯示
CND-上電跳閘,CND~上電跳閘
CND-不良,CND~不良
CND-其他(DSP黑屏問題),CND~其他(DSP黑屏問題)
CND-其他(驅動器不能設置原點),CND~其他(驅動器不能設置原點)
CND-加料機捅料杆總往下掉,CND~加料機捅料杆總往下掉
CND-接口接觸不良,CN6接口異常
CND-溫度過高,CND~溫度過高
CND-無法定位電機位置,CND~無法定位電機位置
CND-輸出扭力不夠,CND~輸出扭力不够
CND-通訊不上,CN6通訊異常
CND-通訊異常,CN6通訊異常
CND-通訊異常 AL1200,CND~AL1200
"CND-鐳射焊錫偏移碳化(與本次客退無關,對策前)","CND~鐳射焊錫偏移碳化(與本次客退無關,對策前)"
CND-驅動器無方向,CND~驅動器無方向
CND-驅動異常,CND~驅動異常
"CPLD 3.3V,1.2V對GND短路","CPLD 3.3V,1.2V對GND SHORT"
C相無輸出,C相端子無輸出
C點滑牙,C相端子滑牙
"D01一直有輸出,報警AL001跳閘",AL001
"D01一直有輸出/接地螺絲擰不緊/CN4無法連接/端子滑牙/找不到站號,CN6通訊不上,CN1沒螺絲無法固定,報警,無顯示","CN1異常,CN6異常,CN4異常"
D02一直有輸出,DO2異常
D05壞,DO5異常
D11/R70連錫,"D11,R70連錫"
D3損壞,D03損壞
D50反向阻抗異常,D50阻抗值異常
D50阻抗10kohm（正常為open）,D50阻抗10kohm（正常為OPEN）
D51-D55未移除,D51~D55未移除
"DC-DC電路U24 IC燒毀,RS485電路U9 IC燒壞","DC~DC電路U24,IC燒毀,RS485電路U9,IC燒毀"
DC-DC電路重工不良,DC~DC電路重工不良
"DC3,DC52,DC53鼓包,DR28燒,銅箔炸","DC3,DC52,DC53鼓包,DR28燒毀,銅箔炸裂"
"DC3,DC52鼓包,銅箔炸","DC3,DC52鼓包,銅箔炸裂"
"DC3,DC53,DC52鼓包,DR28燒,銅箔炸","DC3,DC53,DC52鼓包,DR28燒毀,銅箔炸裂"
"DC3,DC82/DC83損壞","DC3,DC82,DC83損壞"
DC3和DC82電容鼓包,"DC3,DC82電容鼓包"
DC3炸,DC3炸裂
"DC3炸,回生電阻open","DC3炸裂,回生電阻OPEN"
"DC3電容鼓包,DR1電阻開裂open,DD1的擊穿","DC3電容鼓包,DR1電阻開裂OPEN,DD1的擊穿"
"DC3電容鼓包,DVAR1,DVAR2炸開,DR1開裂,DQ2擊穿,IGBT擊穿","DC3電容鼓包,DVAR1,DVAR2炸裂開,DR1開裂,DQ2擊穿,IGBT擊穿"
"DC3電容鼓包,壓敏電阻DVAR1,DVAR2炸開","DC3電容鼓包,壓敏電阻DVAR1,DVAR2炸裂開"
"DC3電容鼓包,壓敏電阻DVAR3炸開","DC3電容鼓包,壓敏電阻DVAR3炸裂開"
"DC3鼓包,DR1燒壞","DC3鼓包,DR1燒毀"
"DC3鼓包,DR1過熱損壞","DC3鼓包,DR1燒毀"
"DC3鼓包,DR1開裂損壞","DC3鼓包,DR1過熱損壞"
"DC3鼓包,DTB1有打火,J3表面受熱,DD1擊穿,DR1燒","DC3鼓包,DTB1有打火,J3表面受熱,DD1擊穿,DR1燒毀"
"DC3鼓包,IGBT U上橋擊穿","DC3鼓包,IGBT,U上橋擊穿"
"DC3鼓包,回生電阻Open","DC3鼓包,回生電阻OPEN"
"DC52,DC53,DC3鼓包,DR28燒","DC52,DC53,DC3鼓包,DR28燒毀"
"DC52,DC53和DC3鼓包,DR28燒","DC52,DC53,DC3鼓包,DR28燒毀"
"DC52及SPS電容DC3鼓包,整流子DD22擊穿,與其相連銅箔熔斷","DC52,SPS電容DC3鼓包,整流子DD22擊穿,與其相連銅箔熔斷"
DC52和DC3鼓包,"DC52,DC53鼓包"
"DC52鼓包,DD22,DD23擊穿,T相銅箔燒斷","DC52鼓包,DD22,DD23擊穿,T相銅箔燒毀斷"
"DC52鼓包,DR28損壞,輸入銅箔熔,U1被銅渣短路","DC52鼓包,DR28損壞,輸入銅箔熔,U1被銅渣SHORT"
"DC52鼓包,DR28燒","DC52鼓包,DR28燒毀"
"DC52鼓包,RS銅箔燒斷","DC52鼓包,RS銅箔燒毀斷"
DC53/DC3鼓包R254/R255燒,"DC53,DC3鼓包R254,R255燒毀"
"DC53及SPS電容DC3鼓包,整流子DD23/DD22擊穿,與其相連銅箔熔斷","DC52,SPS電容DC3鼓包,整流子DD22,DD23擊穿,與其相連銅箔熔斷"
"DC53鼓包,回生電阻Open","DC53鼓包,回生電阻OPEN"
DC54底部銅箔短路導致打火,DC54底部銅箔SHORT導致打火
DC58電容短路,DC58電容SHORT
"DC81,DC82,DC83,DC84和鼓包","DC81,DC82,DC83,DC84鼓包"
"DC81,DC82,DC83,DC84電容鼓包","DC81,DC82,DC83,DC84鼓包"
"DC81,DC83鼓包,DR28燒壞,Relay熔損","DC81,DC83鼓包,DR28燒毀,Relay熔損"
"DC81,DC83鼓包,軟起電阻DR28 Open","DC81,DC83鼓包,軟起電阻DR28 OPEN"
"DC82,DC83,DC84,DC3鼓包,DR58炸,IGBT炸","DC82,DC83,DC84,DC3鼓包,DR58炸裂,IGBT炸裂"
"DC82,DC83鼓包,控制板為AB機,C128碎件","DC82,DC83鼓包,控制板爲AB機,C128碎件"
"DC82,DC84,DC3鼓包,軟起電阻DR28 Open","DC82,DC84,DC3鼓包,軟起電阻DR28,OPEN"
DC82/DC83/DC84/DC3鼓包,"DC82,DC83,DC84,DC3鼓包"
DC82和DC83鼓包,"DC82,DC83鼓包"
DC82和DR28燒,"DC82,DR28燒毀"
"DC82電容鼓包,整流子DD22,DD23損壞","DC82鼓包,整流子DD22,DD23損壞"
"DC82鼓包,RS銅箔炸,整流子DD22擊穿","DC82鼓包,RS銅箔炸裂,整流子DD22擊穿"
"DC83電容鼓包,DC3電容鼓包,DD22擊穿,DR28短路","DC83電容鼓包,DC3電容鼓包,DD22擊穿,DR28 SHORT"
"DC83鼓包,R對N,ST對P短路","DC83鼓包,R對N,ST對P SHORT"
"DC83鼓包,整流子DD22和DD23擊穿,DU1pin腳熔斷","DC83鼓包,整流子DD22和DD23擊穿,DU1PIN腳熔斷"
DC84電容鼓包/DR58炸/外置回生電阻鼓包,"DC84鼓包,DR58炸裂,外置回生電阻鼓包"
"DC84鼓包,軟起電阻DR28 Open","DC84鼓包,軟起電阻DR28,OPEN"
"DC84鼓包,軟起電阻DR28 Open,回聲電阻Open","DC84鼓包,軟起電阻DR28,OPEN,回聲電阻OPEN"
DC9折腳,DC9折脚
"DD21和DD13之間有一塊錫渣,IGBT V相pin腳周圍燻黑,IGBT控制側損壞","DD21,DD13之間有一塊錫渣,IGBT V相PIN脚周圍熏黑,IGBT控制側損壞"
DD22 RSpin燒斷,DD22 RSPIN燒毀斷
"DD22 Short,DD23 Short,R通道trace熔斷,T通達trace熔斷","DD22,SHORT,DD23,SHORT,R通道trace熔斷,T通達trace熔斷"
"DD22 擊穿,對應的RS銅箔燒斷","DD22 擊穿,對應的RS銅箔燒毀斷"
"DD22,23擊穿","DD22,DD23擊穿"
"DD22,DD23擊穿,IGBT U對P擊穿","DD22,DD23擊穿,IGBT,U對P擊穿"
"DD22,DD23擊穿,IGBT炸","DD22,DD23擊穿,IGBT炸裂"
"DD22,DQ2,IGBT擊穿,剎車晶體和P點有打火,Relay 損壞","DD22,DQ2,IGBT擊穿,剎車晶體和P點有打火,Relay,損壞"
DD22/DD23/DC84損壞,"DD22,DD23,DC84損壞"
"DD22打火,S相銅箔燒斷線","DD22打火,S相銅箔燒毀斷線"
"DD22擊穿,IGBT P腳熔斷,本體炸裂,DU5有發熱痕跡,5VD_GD短路,DPH16,DPH7,DPH8,DPH9均損壞","DD22擊穿,IGBT,P腳熔斷,本體炸裂,DU5有發熱痕跡,5VD_GD SHORT,DPH16,DPH7,DPH8,DPH9均損壞"
"DD22擊穿,IGBT炸","DD22擊穿,IGBT炸裂"
"DD22擊穿,銅箔燒斷,IGBT炸","DD22擊穿,銅箔燒毀斷,IGBT炸裂"
"DD22擊穿,銅箔燒斷,IGBT炸,DR42燒毀","DD22擊穿,銅箔燒毀斷,IGBT炸裂,DR42燒毀"
"DD22整流子R與HSK之間跳火,但是單獨量測跳火PIN的管壓降正常,與之對應的二極管並未損壞","DD22整流子R與HSK之間跳火,但是單獨量測跳火PIN的管壓降正常,與之對應的二極管幷未損壞"
"DD22整流子處跳火併擊穿,IGBT跳火炸裂,DR58阻抗增大","DD22整流子處跳火幷擊穿,IGBT跳火炸裂,DR58阻抗增大"
"DD22炸,DD23擊穿","DD22炸裂,DD23擊穿"
"DD22短路,DD23腳位熔斷","DD22 SHORT,DD23脚位熔斷"
"DI8輸入限流電阻R224燒壞,DGND-AGND之間的電阻R222燒壞,電源系統全部擊穿","DI8輸入限流電阻R224燒毀,DGND~AGND之間的電阻R222燒毀,電源系統全部擊穿"
DJ1 30腳沒有插入端子,DJ1 30脚沒有插入端子
DJ1 pin22對pin24短路,DJ1 PIN22對PIN24SHORT
DJ1 pin腳粘膠,DJ1 PIN腳粘膠
DJ1沾UV膠,DJ1沾UV膠導
DL1 pin4無線尾,DL1 PIN4無線尾
DL2 pin2 焊錫不良,DL2 PIN2 焊錫不良
DO1一直有輸出,DO1輸出異常
DO1一直輸出,DO1輸出異常
DO1不良,DO1異常
"DO1擊穿,輸出異常",DO1異常
DO1測試不過,DO1異常
DO1無輸出,DO1異常
DO2.3口壞,"DO2異常,DO3異常"
DO2.3壞,"DO2異常,DO3異常"
DO3壞,DO3異常
DO5端子無反應,DO5異常
DO5輸出燒了,DO5異常
DO無輸出,DO異常
DO輸出異常,DO異常
DO點壞,DO異常
DPH15 PIN4-5-6短路,"DPH15,PIN4,5,6 SHORT"
DPH16 PIN腳歪,"DPH16,PIN腳歪"
DPH16pin接觸不良,"DPH16,PIN腳接觸不良"
"DPH16pin接觸不良,錫量少。","DPH16,PIN腳接觸不,錫量少"
DPH16喫錫不良,DPH16焊錫不良
DPH16焊接不良,DPH16焊錫不良
DPH4 PIN4接觸不良,"DPH4,PIN4腳接觸不良"
DPH6 Pin3-4不導通,DPH6 PIN3~4不導通
"DQ2打火,剎車電阻燒","DQ2打火,剎車電阻燒毀"
"DQ2打火擊穿,回生電阻Open","DQ2打火擊穿,回生電阻OPEN"
"DQ2擊穿,IGBT打火,DR38,DR46打火,有維修痕跡","DQ2擊穿,IGBT打火,DR38,DR46打火,有維修痕迹"
"DQ2擊穿,軟起燒壞","DQ2擊穿,軟起燒毀"
"DQ2擊穿,軟起電阻和剎車電阻燒壞","DQ2擊穿,軟起電阻和剎車電阻燒毀"
DQ2擊穿燒壞,DQ2擊穿燒毀
"DQ2燒壞,回升電阻open","DQ2燒毀,回升電阻OPEN"
"DQ2燒壞,回升電阻open,軟起電阻有發熱痕跡","DQ2燒毀,回升電阻OPEN,軟起電阻有發熱痕迹"
"DR1 open,DD1擊穿","DR1,OPEN,DD1擊穿"
DR19燒壞,DR19燒毀
"DR1燒,DD1擊穿,DC3微鼓包","DR1燒毀,DD1擊穿,DC3微鼓包"
"DR1燒壞,DC3微鼓包","DR1燒毀,DC3微鼓包"
"DR1燒壞,DC3短路,上電端子RS相有打火痕跡","DR1燒毀,DC3 SHORT,上電端子RS相有打火痕迹"
"DR1燒壞,DD1 PIN2與PIN3之間擊穿,DR4之間跳火","DR1燒毀,DD1,PIN2與PIN3之間擊穿,DR4之間跳火"
"DR1燒壞,DD1擊穿","DR1燒毀,DD1擊穿"
DR1裂,DR1開裂損壞
"DR1開裂損壞,DC3短路,DD3有過熱痕跡","DR1開裂損壞,DC3 SHORT,DD3有過熱痕跡"
"DR1開裂損壞,DD1擊穿,DT1和DR4打火,量測線圈正常,DU2過熱損壞,IGBT pin腳之間和導熱rubber上粘有異物","DR1開裂損壞,DD1擊穿,DT1和DR4打火,量測線圈正常,DU2過熱損壞,IGBT PIN腳之間和導熱rUbber上粘有異物"
"DR1開裂損壞,DD1擊穿,DT1和DR4打火,量測線圈正常,DU2過熱損壞,IGBT pin腳之間和導熱rubber上粘有異物,用磁鐵可吸附","DR1開裂損壞,DD1擊穿,DT1和DR4打火,量測線圈正常,DU2過熱損壞,IGBT,PIN腳之間和導熱rUbber上粘有異物,用磁鐵可吸附"
"DR1電阻開裂open,DD1的擊穿","DR1開裂損壞OPEN,DD1擊穿"
DR28 Open,"DR28,OPEN"
"DR28 open,外殼融化","DR28 OPEN,外殼融化"
"DR28,DRLY1有過熱痕跡","DR28,DRLY1有過熱痕迹"
"DR28/DR58/IGBT損壞,上蓋缺失（維修中心李井初拆除)","DR28,DR58,IGBT損壞,上蓋缺失（維修中心李井初拆除)"
DR28炸,DR28炸裂
DR28燒,DR28燒毀
"DR28燒,IGBT擊穿","DR28燒毀,IGBT擊穿"
"DR28燒,IGBT炸","DR28燒毀,IGBT炸裂"
"DR28燒,剎車晶體DQ2擊穿,回聲電阻Open","DR28燒毀,剎車晶體DQ2擊穿,回聲電阻OPEN"
DR28燒壞,DR28燒毀
"DR28燒壞,DR58有打火痕跡,且阻抗值變大8.4Ω,IGBT炸","DR28燒毀,DR58有打火痕跡,且阻抗值變大8.4Ω,IGBT炸裂"
"DR28燒毀,U對Popen,V,W上下橋均被擊穿。","DR28燒毀,U對POPEN,V,W上下橋均被擊穿"
DR28裂開,DR28開裂
DR28軟啟焊錫不良,DR28軟啓焊錫不良
"DR28軟啟燒壞,PIN焊錫不良","DR28軟啓燒毀,PIN焊錫不良"
"DR28過熱,回生電阻燒","DR28過熱,回生電阻燒毀"
"DR28過熱,回生電阻燒,N段子処有打火痕跡","DR28過熱,回生電阻燒毀,N段子處有打火痕跡"
DR30燒壞,DR30燒毀
DR42/DR45散熱不良,"DR42,DR45散熱不良"
DR42損壞IGBT炸,"DR42損壞,IGBT炸裂"
"DR42炸,DD22擊穿,IGBT炸,軟起電阻燒壞","DR42炸裂,DD22擊穿,IGBT炸裂,軟起電阻燒毀"
"DR42炸,IGBT炸,V BUS電壓偵測異常,5VD_GD短路","DR42炸裂,IGBT炸裂,V,BUS電壓偵測異常,5VD_GD SHORT"
"DR45炸,DD22/DD23擊穿,IGBT com對PIN5短路,P對W短路","DR45炸裂,DD22,DD23擊穿,IGBT,com對PIN5 SHORT,P對W SHORT"
"DR45炸,IGBT炸","DR45炸裂,IGBT炸裂"
"DR4和DT1打火,DT1 pin1和pin2 Open,DR1開裂損壞,DD1擊穿,DU2擊穿","DR4和DT1打火,DT1 PIN1和PIN2 OPEN,DR1開裂損壞,DD1擊穿,DU2擊穿"
DR57 open,"DR57,OPEN"
"DR58 open,IGBT UV對N擊穿","DR58,OPEN,IGBT,UV對N擊穿"
"DR58-OPEN,DD22擊穿,IGBT擊穿","DR58,OPEN,DD22擊穿,IGBT擊穿"
"DR58/DR42炸,DD22擊穿,IGBT炸,軟起電阻燒壞","DR58,DR42炸裂,DD22擊穿,IGBT炸裂,軟起電阻燒毀"
"DR58和DR45炸,軟起電阻DR28燒,IGBT炸","DR58和DR45炸裂,軟起電阻DR28燒毀,IGBT炸裂"
"DR58損壞,IGBT VW對P擊穿","DR58損壞,IGBT,VW對P擊穿"
"DR58損壞,IGBT V下橋擊穿UW上橋擊穿","DR58損壞,IGBT,V下橋擊穿UW上橋擊穿"
"DR58損壞,IGBT 炸裂","DR58損壞,IGBT,炸裂"
"DR58損壞,IGBT模塊U相上橋直通,UVW下橋直通","DR58損壞；IGBT模塊U相上橋直通,UVW下橋直通"
"DR58損壞,銅箔翹起,軟起電阻壞,IGBT壞,DC64和DR57燒黑,DZD4燒壞,DZD7短路,驅動光耦DPH8pin4~pin6短路。","DR58損壞,銅箔翹起,軟起電阻壞,IGBT壞,DC64和DR57燒毀黑,DZD4燒毀,DZD7短路,驅動光耦DPH8Pin4~Pin6短路"
DR58炸,"DR58阻抗值變大,本體存在跳火痕跡,IGBT,UVW對N,SHORT,銅箔翹起"
"DR58炸,DC45燒,IGBT炸,整流子DD22擊穿,DU2,DU5擊穿",DR58炸裂
"DR58炸,DD22擊穿,IGBT炸","DR58炸裂,DC45燒毀,IGBT炸裂,整流子DD22擊穿,DU2,DU5擊穿"
"DR58炸,DD22擊穿,IGBT炸裂","DR58炸裂,DD22擊穿,IGBT炸裂"
"DR58炸,DQ2擊穿,DR66燒,IGBT炸,DU2,DU5,DZD9擊穿","DR58炸裂,DQ2擊穿,DR66燒毀,IGBT炸裂,DU2,DU5,DZD9擊穿"
"DR58炸,DR28燒,IGBT炸","DR58炸裂,DR28燒毀,IGBT炸裂"
"DR58炸,DR300,DR37燒,DQ2擊穿,軟起DR28燒,Relay不吸合,IGBT炸,DU2,DU5,DZD9擊穿","DR58炸裂,DR300,DR37燒毀,DQ2擊穿,軟起DR28燒毀,Relay不吸合,IGBT炸裂,DU2,DU5,DZD9擊穿"
"DR58炸,DR300,DR37燒,DQ2擊穿,軟起DR58燒,P線燒,Relay不吸合,IGBT炸,DU2和DZD9擊穿","DR58炸裂,DR300,DR37燒毀,DQ2擊穿,軟起DR58燒毀,P線燒毀,Relay不吸合,IGBT炸裂,DU2和DZD9擊穿"
"DR58炸,DR300,DR37燒,IGBT炸,DU2擊穿","DR58炸裂,DR300,DR37燒毀,IGBT炸裂,DU2擊穿"
"DR58炸,DR300,DR57,DC64燒,IGBT炸,DU2和DU5擊穿,DR49燒","DR58炸裂,DR300,DR57,DC64燒毀,IGBT炸裂,DU2和DU5擊穿,DR49燒毀"
"DR58炸,DR300燒,IGBT炸,DU2,DU5和DZD9擊穿","DR58炸裂,DR300燒毀,IGBT炸裂,DU2,DU5和DZD9擊穿"
"DR58炸,DR300燒,IGBT炸,DU2和DU5擊穿","DR58炸裂,DR300燒毀,IGBT炸裂,DU2和DU5擊穿"
"DR58炸,DR300燒壞,IGBT炸,DU2擊穿","DR58炸裂,DR300燒毀,IGBT炸裂,DU2"
"DR58炸,DR57和DC64燒,IGBT炸,DU2和DZD9擊穿","DR58炸裂,DR57和DC64燒毀,IGBT炸裂,DU2和DZD9擊穿"
"DR58炸,DVAR1與DD22相連銅箔炸斷","DR58炸裂,DVAR1與DD22相連銅箔炸裂斷"
"DR58炸,IGBTCOM對PIN11/12/14/15/16/17/21短路,PN對VW短路","DR58炸裂,IGBTCOM對PIN11,12,14,15,16,17,21SHORT,PN對VW SHORT"
"DR58炸,IGBT壞,DZD7短路,驅動光耦pin4-pin6短路","DR58炸裂,IGBT壞,DZD7 SHORT,驅動光耦PIN4~PIN6 SHORT"
"DR58炸,IGBT壞,DZD7短路,驅動光耦pin4~pin6短路","DR58炸裂,IGBT壞,DZD7 SHORT,驅動光耦PIN4~PIN6 SHORT"
"DR58炸,IGBT壞,DZD7短路,驅動光耦pin4~pin6短路,DC64和DR57燒黑,DZD4燒壞","DR58炸裂,IGBT壞,DZD7 SHORT,驅動光耦PIN4~PIN6 SHORT,DC64和DR57燒毀,DZD4燒毀"
"DR58炸,IGBT壞,軟起電阻和relay燒壞,DZD7短路,驅動光耦pin4~pin6短路。","DR58炸裂,IGBT壞,軟起電阻和relay燒毀,DZD7 SHORT,驅動光耦PIN4~PIN6 SHORT"
"DR58炸,IGBT壞,驅動光耦pin4~pin6短路。","DR58炸裂,IGBT壞,驅動光耦PIN4~PIN6 SHORT"
"DR58炸,IGBT損壞,整流子擊穿","DR58炸裂,IGBT損壞,整流子擊穿"
"DR58炸,IGBT損壞,與整流子相連銅箔熔斷","DR58炸裂,IGBT損壞,與整流子相連銅箔熔斷"
"DR58炸,IGBT擊穿","DR58炸裂,IGBT擊穿"
"DR58炸,IGBT擊穿,DD22擊穿,DR300燒壞","DR58炸裂,IGBT擊穿,DD22擊穿,DR300燒毀"
"DR58炸,IGBT擊穿,DPH2燒","DR58炸裂,IGBT擊穿,DPH2燒毀"
"DR58炸,IGBT擊穿,DR37,DR41燒,DD22,DD23整流子擊穿","DR58炸裂,IGBT擊穿,DR37,DR41燒毀,DD22,DD23整流子擊穿"
"DR58炸,IGBT擊穿,DZD6擊穿,整流子DD22擊穿,附近銅箔燒斷","DR58炸裂,IGBT擊穿,DZD6擊穿,整流子DD22擊穿,附近銅箔燒毀斷"
"DR58炸,IGBT擊穿,剎車晶體擊穿,relay壞,軟起電阻開路","DR58炸裂,IGBT擊穿,刹車晶體擊穿,relay壞,軟起電阻開路"
"DR58炸,IGBT擊穿,整流子打火","DR58炸裂,IGBT擊穿,整流子打火"
"DR58炸,IGBT擊穿,整流子擊穿","DR58炸裂,IGBT擊穿,整流子擊穿"
"DR58炸,IGBT擊穿,整流子擊穿,RS相銅箔炸,DR24燒","DR58炸裂,IGBT擊穿,整流子擊穿,RS相銅箔炸裂,DR24燒毀"
"DR58炸,IGBT擊穿,整流子擊穿,剎車晶體擊穿","DR58炸裂,IGBT擊穿,整流子擊穿,剎車晶體擊穿"
"DR58炸,IGBT擊穿,軟起電阻炸","DR58炸裂,IGBT擊穿,軟起電阻炸裂"
"DR58炸,IGBT炸","DR58炸裂,IGBT炸裂"
"DR58炸,IGBT炸,DC17電容鼓包","DR58炸裂,IGBT炸裂,DC17電容鼓包"
"DR58炸,IGBT炸,DD22,DD23,DQ2擊穿","DR58炸裂,IGBT炸裂,DD22,DD23,DQ2擊穿"
"DR58炸,IGBT炸,DD22,DD23擊穿","DR58炸裂,IGBT炸裂,DD22,DD23擊穿"
"DR58炸,IGBT炸,DD22/DD23擊穿","DR58炸裂,IGBT炸裂,DD22,DD23擊穿"
"DR58炸,IGBT炸,DD22/DD23擊穿,DU2/DU5擊穿","DR58炸裂,IGBT炸裂,DD22,DD23擊穿,DU2,DU5擊穿"
"DR58炸,IGBT炸,DD22擊穿","DR58炸裂,IGBT炸裂,DD22擊穿"
"DR58炸,IGBT炸,DQ2擊穿","DR58炸裂,IGBT炸裂,DR28燒毀"
"DR58炸,IGBT炸,DR28燒","DR58炸裂,IGBT炸裂,DR28燒毀"
"DR58炸,IGBT炸,DR28燒壞","DR58炸裂,IGBT炸裂,DR28燒毀"
"DR58炸,IGBT炸,DU2擊穿","DR58炸裂,IGBT炸裂,DU2擊穿"
"DR58炸,IGBT炸,DU2擊穿,DR300,DR57,DC64也有燒壞","DR58炸裂,IGBT炸裂,DU2擊穿,DR300,DR57,DC64也有燒毀"
"DR58炸,IGBT炸,DU2擊穿,DR300燒,DD22擊穿","DR58炸裂,IGBT炸裂,DU2擊穿,DR300燒毀,DD22擊穿"
"DR58炸,IGBT炸,DU5擊穿,DU2擊穿","DR58炸裂,IGBT炸裂,DU5擊穿,DU2擊穿"
"DR58炸,IGBT炸,DU5燒","DR58炸裂,IGBT炸裂,DU5燒毀"
"DR58炸,IGBT炸,整流子DD22,DD23擊穿,DD22PIN與HSK之間跳火","DR58炸裂,IGBT炸裂,整流子DD22,DD23擊穿,DD22PIN與HSK之間跳火"
"DR58炸,IGBT炸,整流子DD22,DD23擊穿,銅箔翹皮,5VD_GD短路,V bus電壓偵測異常","DR58炸裂,IGBT炸裂,整流子DD22,DD23擊穿,銅箔翹皮,5VD_GDSHORT,V bUs電壓偵測異常"
"DR58炸,IGBT炸,整流子DD22擊穿","DR58炸裂,IGBT炸裂,整流子DD22擊穿"
"DR58炸,IGBT炸,整流子DD23,DD22擊穿,DU2擊穿","DR58炸裂,IGBT炸裂,整流子DD23,DD22擊穿,DU2擊穿"
"DR58炸,IGBT炸,整流子DD23炸,DD22擊穿,DR1 Open,DD1擊穿","DR58炸裂,IGBT炸裂,整流子DD23炸裂,DD22擊穿,DR1 OPEN,DD1擊穿"
"DR58炸,IGBT炸,整流子擊穿","DR58炸裂,IGBT炸裂,整流子擊穿"
"DR58炸,IGBT炸,整流子炸","DR58炸裂,IGBT炸裂,整流子炸裂"
"DR58炸,IGBT炸,面板顯示異常","DR58炸裂,IGBT炸裂,面板顯示異常"
"DR58炸,IGBT炸裂,DR28燒壞","DR58炸裂,IGBT炸裂裂,DR28燒毀"
"DR58炸,整流子擊穿,IGBT損壞","DR58炸裂,整流子擊穿,IGBT損壞"
"DR58炸,整流子擊穿,IGBT擊穿,銅箔炸,5VD_GD短路,L1L2上電無顯示","DR58炸裂,整流子擊穿,IGBT擊穿,銅箔炸裂,5VD_GD SHORT,L1L2上電無顯示"
"DR58炸,整流子擊穿,IGBT炸裂","DR58炸裂,整流子擊穿,IGBT炸裂"
"DR58炸,軟起電阻DR28過熱,IGBT P對UVW open,N對UVW短路,控制側壞","DR58炸裂,軟起電阻DR28過熱,IGBT,P對UVW,OPEN,N對UVW SHORT,控制側壞"
"DR58炸裂,IGBT,DD21,DD22擊穿","DR58炸裂裂,IGBT,DD21,DD22擊穿"
"DR58炸裂,IGBT炸,DC54與V相端子跳火","DR58炸裂,IGBT炸裂,DC54與V相端子跳火"
"DR58炸裂,IGBT炸裂,DD22/23 擊穿","DR58炸裂裂,IGBT炸裂裂,DD22擊穿,DD23 擊穿"
"DR58炸裂,IGBT炸裂,DD23 DD22 擊穿","DR58炸裂,IGBT炸裂,DD23,DD22,擊穿"
"DR58炸裂,IGBT炸裂,DD23 T處銅箔熔斷,T對P擊穿,DD22 RS對N擊穿","DR58炸裂,IGBT炸裂,DD23,T處銅箔熔斷,T對P擊穿,DD22,RS對N擊穿"
"DR58炸裂,IGBT炸裂,pin腳有打火痕跡","DR58炸裂,IGBT炸裂,PIN腳有打火痕跡"
"DR58炸裂,整流子DD23,DD22擊穿,IGBT 炸裂","DR58炸裂,整流子DD23,DD22擊穿,IGBT,炸裂"
"DR58燒,DD22,DD23擊穿,IGBT炸","DR58燒毀,DD22擊穿,DD23擊穿,IGBT炸裂"
"DR58燒,DD22擊穿,IGBT擊穿","DR58燒毀,DD22擊穿,IGBT擊穿"
"DR58燒壞,DR1 OPEN,R通道銅箔熔斷,IGBT銅底板燒穿,DD22,DD23擊穿","DR58燒毀,DR1,OPEN,R通道銅箔熔斷,IGBT銅底板燒毀穿,DD22,DD23擊穿"
"DR58燒壞,IGBT擊穿","DR58燒毀,IGBT擊穿"
"DR58燒毀,IGBT PIN腳熔斷","DR58燒毀,IGBT,PIN脚熔斷"
"DR58燒毀,附近銅箔損壞,IGBT炸,DQ2擊穿,DD22和DD23擊穿","DR58燒毀,附近銅箔損壞,IGBT炸裂,DQ2擊穿,DD22和DD23擊穿"
"DR58燒毀,附近銅箔翹皮,IGBT炸,DQ2擊穿","DR58燒毀,附近銅箔翹皮,IGBT炸裂,DQ2擊穿"
"DR58燒毀,附近銅箔翹皮,IGBT炸,DQ2擊穿,MODE鍵斷裂","DR58燒毀,附近銅箔翹皮,IGBT炸裂,DQ2擊穿,MODE鍵斷裂"
"DR58開路,IGBT壞,DZD4燒壞,DZD7短路,驅動光耦DPH10 PIN4~PIN6短路。","DR58開路,IGBT壞,DZD4燒毀,DZD7 SHORT,驅動光耦DPH10 PIN4~PIN6 SHORT"
"DR58阻抗值變大,本體存在跳火痕跡,IGBT UVW對N short,剎車晶體C-E量測219kohm,異常正常應為Mohm,軟啟電阻燒壞,relay受熱外殼熱熔","DR58,DR45炸裂,軟起電阻DR28燒毀,IGBT炸裂"
"DR58阻抗值變大,本體存在跳火痕跡,IGBT UVW對N short,銅箔翹起","DR58阻抗值變大,本體存在跳火痕跡,IGBT,UVW對N,SHORT,剎車晶體C~E量測219kohm,異常正常應為Mohm,軟啟電阻燒毀,relay受熱外殼熱熔"
"DR58電阻炸,IGBT擊穿,DD22,DD23整流擊穿","DR58電阻炸裂,IGBT擊穿,DD22擊穿,DD23整流擊穿"
"DR58電阻炸,IGBT擊穿,DD22整流擊穿","DR58電阻炸裂,IGBT擊穿,DD22擊穿"
"DR58電阻炸,IGBT擊穿,DD22整流擊穿,DR37,DD14,DZD3,DC41損壞","DR58電阻炸裂,IGBT擊穿,DD22整流擊穿,DR37,DD14,DZD3,DC41損壞"
"DR58電阻炸,IGBT擊穿,DU2,DU5短路","DR58電阻炸裂,IGBT擊穿,DU2,DU5 SHORT"
"DR58電阻炸,IGBT擊穿,軟起電阻過熱","DR58電阻炸裂,IGBT擊穿,軟起電阻過熱"
DRLY2處錫渣短路,DRLY2處錫渣SHORT
"DSP,L1,軟起電阻燒壞,剎車電阻開路","DSP,L1,軟起電阻燒毀,刹車電阻開路"
DSP-dsp_USB0_DM對GND低阻抗65Ω,DSP~dsP_USB0_DM對GND低阻抗65Ω
"DSP損壞/ZD20,R202,R203,R204燒,U25短路","DSP損壞,ZD20,R202,R203,R204燒毀,U25 SHORT"
"DSP材料不良產線維修未攔截,二次流出","DSP材料不良産線維修未攔截,二次流出"
DSP燒壞,DSP燒毀
"DSP燒壞,U24燒壞","DSP燒毀,U24燒毀"
DSP短路,DSP SHORT
"DT1 pin4與PIN5之間open,DU2 Vout與GND擊穿","DT1,PIN4與PIN5之間OPEN,DU2,VoUt與GND擊穿"
"DT1打火,DR1開裂損壞,DD1擊穿","DT1打火,DR1開裂,DD1擊穿"
"DT1變壓器鐵屑侵入,PIN1,PIN2,PIN3短路造成無顯示","DT1變壓器鐵屑侵入,PIN1,PIN2,PIN3 SHORT造成無顯示"
"DTB1（NUVW）端子粘膠,DR28燒,IGBT單體量測PN對VW短路,控制側損壞","DTB1（NUVW）端子粘膠,DR28燒毀,IGBT單體量測PN對VW SHORT,控制側損壞"
"DU1擊穿,DD1擊穿,DR1開裂損壞,DT1打火,IGBT控制側擊穿,剎車晶體擊穿,銅箔翹皮","DU1擊穿,DD1擊穿,DR1開裂損壞,DT1打火,IGBT控制側擊穿,刹車晶體擊穿,銅箔翹皮"
"DU1擊穿,DR4打火,DT1 打火,DR1燒壞","DU1擊穿,DR4打火,DT1 打火,DR1燒毀"
"DU1擊穿,DR4打火,DT1 打火,DR1燒壞,DD1擊穿","DU1擊穿,DR4打火,DT1 打火,DR1燒毀,DD1擊穿"
"DU1擊穿炸裂,DR4打火,DT1 pin2熔斷","DU1擊穿,DR4打火,DT1 PIN2熔斷"
"DU1本體炸裂,導熱Rubber上有異物","DU1本體炸裂,導熱RUbber上有異物"
DU1炸裂,DU1炸裂裂
"DU1燒壞,變壓器有打火痕跡,導熱rubber上有異物","DU1燒毀,變壓器有打火痕跡,導熱rUbber上有異物"
DU2短路,DU2SHORT
"DVAR1損壞,R相銅箔炸斷,DD22擊穿,DPM1損壞","DVAR1損壞,R相銅箔炸裂斷,DD22擊穿,DPM1損壞"
DVAR1燒壞,DVAR1燒毀
DZD13 diode反向漏電,"DZD13,diode反向漏電"
DZD4燒壞擊穿,DZD4擊穿
DZD6燒,DZD6燒毀
"DZD9異常發熱,量測兩端電壓為7.5V（正常為15V）","DZD9異常發熱,量測兩端電壓爲7.5V（正常爲15V）"
"Dvar1炸裂,DC3鼓包,DR28炸,DC52鼓包","Dvar1炸裂,DC3鼓包,DR28炸裂,DC52鼓包"
ETHERCAT ID錯誤問題,"ETHERCAT,ID錯誤問題"
Encoder ground trace熔斷,"Encoder,groUnd,trace熔斷"
EtherCAT通訊異常,ETHERCAT通訊異常
FPGA燒壞,FPGA燒毀
GBT PIN腳上有一根導電的金屬絲,"GBT,PIN腳上有一根導電的金屬絲"
IC輸出腳位過電壓擊穿,IC輸出脚位過電壓擊穿
IGBT +15V擊穿,"IGBT,+15V擊穿"
IGBT 16Pin 漏焊,"IGBT,16PIN漏焊"
IGBT 16pin(COM)對8pin(VCCH) 擊穿,"IGBT,16PIN(COM)對8PIN(VCCH),擊穿"
IGBT 20pin(COM)對17pin(VCCL)短路,IGBT 20PIN(COM)對17PIN(VCCL)SHORT
IGBT N PIN腳漏焊,"IGBT,N,PIN脚漏焊"
IGBT N對U短路,"IGBT,N對U SHORT"
IGBT N腳打火,IGBT N脚打火
IGBT PIN11-PIN12金屬屑短路,"IGBT,PIN11,PIN12金屬屑SHORT"
"IGBT PIN12,PIN13錫短,導致電壓偵測異常,伺服上電報警AL09F","IGBT,PIN12,PIN13錫短,導致電壓偵測異常,伺服上電報警AL09F"
IGBT PIN12-13之間夾錫渣,"IGBT,PIN12~13之間夾錫渣"
"IGBT PIN19漏焊,IGBT 19PIN與OC偵測相關,觸發OC動作","IGBT,PIN19漏焊,IGBT,19PIN與OC偵測相關,觸發OC動作"
IGBT PIN3漏焊,"IGBT,PIN3漏焊"
IGBT PIN3腳漏焊,"IGBT,PIN3漏焊"
IGBT PIN腳漏焊,"IGBT,PIN脚漏焊"
IGBT PIN腳與底部有金屬導電異物,"IGBT,PIN脚與底部有金屬導電异物"
IGBT PIN腳鐵屑污染,"IGBT,PIN脚鐵屑污染"
IGBT Pin19擊穿,"IGBT,PIN19擊穿"
IGBT Pin3斷,"IGBT,PIN3斷"
IGBT Pin7擊穿,IGBT PIN7擊穿
"IGBT P對U open,控制側損壞","IGBT,P對U,OPEN,控制側損壞"
IGBT P對UV相擊穿 DR58炸,"IGBT,P對UV相擊穿,DR58炸裂"
IGBT P對U短路,"IGBT,P對U SHORT"
IGBT P點打火,"IGBT,P點打火"
"IGBT P點打火,對Uopen,控制側損壞","IGBT,P點打火,對UOPEN,控制側損壞"
IGBT UVW上下橋擊穿,"IGBT,UVW上下橋擊穿"
"IGBT UVW上橋OPEN,下橋擊穿,整流子RS對N 擊穿,T腳燒斷,DR58炸","IGBT,UVW上橋OPEN,下橋擊穿,整流子RS對N,擊穿,T脚燒毀斷,DR58炸裂"
IGBT UVW上橋擊穿,"IGBT,UVW上橋擊穿"
"IGBT UVW上橋擊穿,W下橋open,整流子RS對P擊穿,DR58炸","IGBT,UVW上橋擊穿,W下橋OPEN,整流子RS對P擊穿,DR58炸裂"
IGBT UVW下橋擊穿,"IGBT,UVW下橋擊穿"
"IGBT UVW下橋擊穿,UW上橋擊,V上橋開路","IGBT,UVW下橋擊穿,UW上橋擊,V上橋開路"
IGBT UVW對N short,IGBT UVW對N SHORT
IGBT UV上下橋擊穿,"IGBT,UV上下橋擊穿"
"IGBT UV上下臂擊穿,DR28損壞","IGBT,UV上下臂擊穿,DR28損壞"
"IGBT UV上橋擊穿,DQ2擊穿,DR28燒,剎車電阻開路","IGBT,UV上橋擊穿,DQ2擊穿,DR28燒毀,刹車電阻開路"
IGBT UV對P短路,"IGBT,UV對P SHORT"
"IGBT UV對P短路,UW對N短路","IGBT,UV對P SHORT,UW對N SHORT"
IGBT UV相下橋擊穿 DR58炸,"IGBT,UV相下橋擊穿,DR58炸裂"
IGBT UW上下橋擊穿,"IGBT,UW上下橋擊穿"
"IGBT UW上下橋擊穿,V上橋擊","IGBT,UW上下橋擊穿,V上橋擊穿"
IGBT UW上橋擊穿,"IGBT,UW上橋擊穿"
"IGBT UW對P擊穿,整流子RS對P擊穿","IGBT,UW對P擊穿,整流子RS對P擊穿"
IGBT U上橋擊穿,"IGBT,U上橋擊穿"
"IGBT U上橋擊穿,DQ2擊穿,回生電阻open","IGBT,U上橋擊穿,DQ2擊穿,回生電阻OPEN"
"IGBT U上橋擊穿,DR28燒開路","IGBT,U上橋擊穿,DR28燒毀開路"
"IGBT U上橋擊穿,軟起燒壞","IGBT U上橋擊穿,軟起燒毀"
IGBT U上橋短路,"IGBT,U上橋SHORT"
IGBT U下橋擊穿,"IGBT,U下橋擊穿"
"IGBT U下橋擊穿,PR擊穿,DR58炸","IGBT,U下橋擊穿,PR擊穿,DR58炸裂"
IGBT U和W上下橋短路,"IGBT,U和W上下橋SHORT"
"IGBT U對P open,銅箔燒壞","IGBT,U對P,OPEN,銅箔燒毀"
IGBT U對P擊穿,"IGBT,U對P擊穿"
"IGBT U對P擊穿,整流子DD22,DD23擊穿","IGBT,U對P擊穿,整流子DD22,DD23擊穿"
IGBT U對P相OPEN,"IGBT,U對P,OPEN"
IGBT U對P短路,"IGBT,U對P SHORT"
"IGBT U對P短路,V對N短路","IGBT,U對P SHORT,V對N SHORT"
"IGBT U對P開路,W對P短路","IGBT,U對P開路,W對P SHORT"
IGBT U相上橋擊穿,"IGBT,U相上橋擊穿"
IGBT VW上下橋擊穿,"IGBT,V,W上下橋擊穿"
IGBT VW上橋擊穿,"IGBT,V,W上橋擊穿"
"IGBT VW下橋擊穿,U上橋擊穿","IGBT,V,W下橋擊穿,U上橋擊穿"
IGBT VW擊穿,"IGBT,VW擊穿"
IGBT V上上橋擊穿,"IGBT,V上橋擊穿"
"IGBT V上橋控制與com腳擊穿,與V相擊穿","IGBT,V上橋控制與com脚擊穿,與V相擊穿"
IGBT V上橋擊穿,"IGBT,V上橋擊穿"
"IGBT V上橋擊穿,整流子擊穿,DR45炸","IGBT,V上橋擊穿,整流子擊穿,DR45炸裂"
IGBT V上橋短路,"IGBT,V上橋SHORT"
"IGBT V對N擊穿,U對P擊穿,軟起電阻DR28 Open","IGBT,V對N擊穿,U對P擊穿,軟起電阻DR28 OPEN"
IGBT V對P擊穿,"IGBT,V對P擊穿"
IGBT V對P短路,"IGBT,V對P SHORT"
"IGBT V相&W相上橋擊穿,伺服內部進入水","IGBT,V,W上橋擊穿,伺服內部進入水"
IGBT V相下橋擊穿,"IGBT,V相下橋擊穿"
IGBT W上橋擊穿,"IGBT,W上橋擊穿"
IGBT W對P 短路,"IGBT,W對P SHORT"
IGBT W對P擊穿,"IGBT,W對P擊穿"
IGBT W對P短路,"IGBT,W對P SHORT"
IGBT W對P短路。,IGBT W對PSHORT
IGBT W相上橋擊穿,IGBT W上橋擊穿
IGBT W相下橋擊穿,IGBT W下橋擊穿
IGBT com腳打火,IGBT com脚打火
"IGBT com腳打火,銅箔燒壞","IGBT,com脚打火,銅箔燒毀"
IGBT pin13~19漏焊,"IGBT,PIN13~19漏焊"
IGBT pin13~21漏焊,"IGBT,PIN13~21漏焊"
IGBT pin19漏焊,IGBT PIN19漏焊
"IGBT pin20,21漏焊","IGBT PIN20,21漏焊"
IGBT pin20~21漏焊,"IGBT,PIN20~21漏焊"
IGBT pin22 V相下橋E極漏焊,IGBT PIN22 V相下橋E極漏焊
"IGBT pin26（W)漏焊,背面炸裂","IGBT PIN26（W)漏焊,背面炸裂裂"
IGBT pin3 對pin13擊穿,IGBT PIN3 對PIN13擊穿
IGBT pin3和pin5漏焊,"IGBT,PIN3和PIN5漏焊"
IGBT pin上粘錫絲,IGBT PIN上黏錫絲
IGBT pin腳上有錫渣,IGBT PIN上黏錫絲
IGBT pin腳錫短,"IGBT,PIN腳錫短"
IGBT u-p擊穿,IGBT U~P擊穿
IGBT v對p擊穿,"IGBT,V對P擊穿"
IGBT 控制側損壞,"IGBT,控制側損壞"
IGBT 損壞,"IGBT,損壞"
IGBT 擊穿,"IGBT,擊穿"
"IGBT 擊穿,DR28損壞","IGBT,擊穿,DR28損壞"
IGBT 整流子及DR58損壞,"IGBT,整流子及DR58損壞"
IGBT 本體炸,IGBT 本體炸裂
"IGBT 炸,pin腳有打火","IGBT 炸裂,PIN腳有打火"
IGBT 碳化溢錫,"IGBT,碳化溢錫"
IGBT 腳壓彎損傷,"IGBT,脚壓彎損傷"
"IGBT 邊緣鎖裂,內部油污,com對PIN12特性異常","IGBT,邊緣鎖裂,內部油污,com對PIN12特性異常"
"IGBT&DR58損壞,DR28燒,內部有發現導電金屬片","IGBT,DR58損壞,DR28燒毀,內部有發現導電金屬片"
"IGBT,DD22擊穿","IGBT擊穿,DD22擊穿"
IGBT-16pinIN(LW)對17pin(VCCL)連錫,IGBT~16PININ(LW)對17PIN(VCCL)連錫
IGBT-U相pin腳漏焊,IGBT~U相PIN脚漏焊
IGBT-V相對P擊穿,"IGBT,V對P擊穿"
IGBT_pin20(COM)對pin7(VB(W))擊穿,IGBT_PIN20(COM)對PIN7(VB(W))擊穿
IGBT上下橋UW對P/N短路,IGBT上下橋UW對P/NSHORT
IGBT上下橋臂短炸機,IGBT上下橋臂短炸裂機
IGBT剎車晶體擊穿,IGBT刹車晶體擊穿
IGBT和DD22擊穿,"IGBT擊穿,DD22擊穿"
IGBT壞,IGBT異常
IGBT控制側 pin20(COM)對pin18(VFO) Open,IGBT控制側PIN20(COM)對PIN18(VFO) OPEN
IGBT控制側Pin20(COM)對pin18(VFO)低阻抗,IGBT控制側PIN20(COM)對PIN18(VFO)低阻抗
IGBT控制側pin20（COM)對pin12(VCCH)低阻抗,IGBT控制側PIN20（COM)對PIN12(VCCH)低阻抗
"IGBT損壞,DD22整流子損壞,DR300電阻燒,DPH7光耦炸","IGBT損壞,DD22整流子損壞,DR300電阻燒毀,DPH7光耦炸裂"
"IGBT損壞,DD22特性異常,軟起電阻DR28燒壞整流子與VARISTOR相連銅箔熔斷","IGBT損壞,DD22特性異常,軟起電阻DR28燒毀整流子與VARISTOR相連銅箔熔斷"
"IGBT損壞,DR58炸","IGBT損壞,DR58炸裂"
"IGBT損壞,DR58炸,DQ2擊穿","IGBT損壞,DR58炸裂,DQ2擊穿"
"IGBT損壞,DR58炸,變壓器底部打火,DU1損壞（BP對GND阻抗偏低129.7kΩ）","IGBT損壞,DR58炸裂,變壓器底部打火,DU1損壞（BP對GND阻抗偏低129.7kΩ）"
"IGBT損壞,軟起電阻DR28open","IGBT損壞,軟起電阻DR28OPEN"
IGBT損壞伺服內部有金屬導電異物,IGBT損壞伺服內部有金屬導電异物
IGBT擊穿 U對P相擊穿,"IGBT擊穿,U對P相擊穿"
IGBT擊穿 整流子擊穿 DR58炸,"IGBT擊穿,整流子擊穿,DR58炸裂"
IGBT擊穿 軟起電阻燒壞,"IGBT擊穿,軟起電阻燒毀"
"IGBT擊穿,DD22擊穿,DR28燒,DZD8擊穿,DVAR1pin斷","IGBT擊穿,DD22擊穿,DR28燒毀,DZD8擊穿,DVAR1PIN斷"
"IGBT擊穿,DD22擊穿,控制板無顯示燒黑,電源板RST端子PIN燒壞","IGBT擊穿,DD22擊穿,控制板無顯示燒毀黑,電源板RST端子PIN燒毀"
"IGBT擊穿,DPH9pin腳短路,DPH16pin腳短路","IGBT擊穿,DPH9PIN脚SHORT,DPH16PIN脚SHORT"
"IGBT擊穿,DR28燒","IGBT擊穿,DR28燒毀"
"IGBT擊穿,DR52,DR58燒","IGBT擊穿,DR52,DR58燒毀"
"IGBT擊穿,DR57,DR58炸","IGBT擊穿,DR57,DR58炸裂"
"IGBT擊穿,DR58炸","IGBT擊穿,DR58炸裂"
"IGBT擊穿,R相端子螺絲滑牙,端子蓋脫落","IGBT擊穿,R端子螺絲滑牙,端子蓋脫落"
"IGBT擊穿,剎車晶體DQ2燒壞,電容DC17鼓包,DR300燒壞","IGBT擊穿,刹車晶體DQ2燒毀,電容DC17鼓包,DR300燒毀"
"IGBT擊穿,剎車晶體燒壞","IGBT擊穿,刹車晶體燒毀"
"IGBT擊穿,導熱Rubber上有異物","IGBT擊穿,導熱RUbber上有異物"
"IGBT擊穿,整流子擊穿,R相銅箔炸,軟起電阻燒","IGBT擊穿,整流子擊穿,R相銅箔炸裂,軟起電阻燒毀"
"IGBT擊穿,軟起電阻炸,RELAY燒","IGBT擊穿,軟起電阻炸裂,RELAY燒毀"
"IGBT擊穿,軟起電阻燒壞","IGBT擊穿,軟起電阻燒毀"
"IGBT擊穿,金屬絲污染","IGBT擊穿,有污染"
"IGBT模塊損壞,UVW對P/N之間短路,六橋臂均擊穿,PCB走綫已露出,DR58損壞","IGBT模塊損壞,UVW對P,N之間SHORT,六橋臂均擊穿,PCB走線已露出,DR58損壞"
IGBT漏焊導致IGBT U上橋擊穿,"IGBT漏焊導致IGBT,U上橋擊穿"
"IGBT漏鎖螺絲,DR58損壞,IGBT UVW上下橋擊穿","IGBT漏鎖螺絲,DR58損壞,IGBT,UVW上下橋擊穿"
"IGBT漏鎖螺絲,DR58損壞,IGBT UW上下橋擊穿","IGBT漏鎖螺絲,DR58損壞,IGBT,UW上下橋擊穿"
IGBT炸,IGBT炸裂
IGBT炸 DR58炸,"IGBT炸裂,DR58炸裂"
IGBT炸 DR58炸 整流子擊穿 軟起燒壞,"IGBT炸裂,DR58炸裂,整流子擊穿,軟起燒毀"
"IGBT炸 上橋斷,U對N 短","IGBT炸裂,上橋斷,U對N,短"
"IGBT炸,C/B無顯示","IGBT炸裂,C,B無顯示"
"IGBT炸,DD22擊穿","IGBT炸裂,DD22擊穿"
"IGBT炸,DD22擊穿,DR28燒壞","IGBT炸裂,DD22擊穿,DR28燒毀"
"IGBT炸,DD22擊穿,DR28燒壞,DZD8擊穿","IGBT炸裂,DD22擊穿,DR28燒毀,DZD8擊穿"
"IGBT炸,DD22擊穿,R相銅箔炸斷","IGBT炸裂,DD22擊穿,R相銅箔炸裂斷"
"IGBT炸,DQ2和DZD8擊穿","IGBT炸裂,DQ2和DZD8擊穿"
"IGBT炸,DR28燒","IGBT炸裂,DR28燒毀"
"IGBT炸,DR28阻值OPEN","IGBT炸裂,DR28阻值OPEN"
"IGBT炸,DR42炸,DD22擊穿","IGBT炸裂,DR42炸裂,DD22擊穿"
"IGBT炸,DR4打火,軟起燒","IGBT炸裂,DR4打火,軟起燒毀"
"IGBT炸,DR58,DR28燒燬","IGBT炸裂,DR58,DR28燒毀"
"IGBT炸,DR58炸","IGBT炸裂,DR58炸裂"
"IGBT炸,DR58炸 DD23整流子處跳火,DD23擊穿","IGBT炸裂,DR58炸裂,DD23整流子處跳火,DD23擊穿"
"IGBT炸,DR58炸,DD22擊穿","IGBT炸裂,DR58炸裂,DD22擊穿"
"IGBT炸,DR58炸,剎車晶體擊穿,銅箔燒壞","IGBT炸裂,DR58炸裂,剎車晶體擊穿,銅箔燒毀"
"IGBT炸,DR58無損壞,AB機","IGBT炸裂,DR58無損壞,AB機"
"IGBT炸,DR58燒,DQ2擊穿","IGBT炸裂,DR58燒毀,DQ2擊穿"
"IGBT炸,DR58燒斷,附近銅箔損壞","IGBT炸裂,DR58燒毀,附近銅箔損壞"
"IGBT炸,DU5 GND對VOUT 擊穿","IGBT炸裂,DU5 GND對V OUT 擊穿"
"IGBT炸,DU5 GND對VOUT 擊穿,DR58無損壞","IGBT炸裂,DU5,GND對VOUT,擊穿,DR58無損壞"
"IGBT炸,DU5過熱,DPH16擊穿","IGBT炸裂,DU5過熱,DPH16擊穿"
"IGBT炸,整流子擊穿","IGBT炸裂,整流子擊穿"
"IGBT炸,整流子擊穿,DR45炸,銅箔炸","IGBT炸裂,整流子擊穿,DR45炸裂,銅箔炸裂"
"IGBT炸,整流子擊穿,DR58炸","IGBT炸裂,整流子擊穿,DR58炸裂"
"IGBT炸,整流子炸","IGBT炸裂,整流子炸裂"
"IGBT炸,整流子炸,DR58炸","IGBT炸裂,整流子炸裂,DR58炸裂"
"IGBT炸,軟起燒壞,DR58炸","IGBT炸裂,軟起燒毀,DR58炸裂"
"IGBT炸,輸入銅箔熔斷","IGBT炸裂,輸入銅箔熔斷"
"IGBT炸毀,DR58炸","IGBT炸裂毀,DR58炸裂"
IGBT炸表面有過熱痕跡,IGBT炸裂表面有過熱痕迹
IGBT短路,IGBT SHORT
IGBT過流損壞,IGBT損壞
IGBT過熱報警,IGBT過熱
"IGBT鐳射焊錫碳化,功能測試正常。","IGBT鐳射焊錫碳化,功能測試正常"
IO壞,I/O異常
IO無信號,I/O異常
IO異常,I/O異常
"IO點燒了,接錯線,5V輸入結成24V的",I/O異常
"IPM pin9,pin10引腳粘連焊錫絲,上電報警AL006","IPM PIN9,PIN10引脚粘連焊錫絲,上電報警AL006"
"IPM裂痕,DR58 DR57 DC64燒毀","IPM裂痕,DR58,DR57,DC64燒毀"
J10 17pin退pin,J10 17PIN退PIN
J10 pin1退pin,J10 PIN1退PIN
J10 pin1退pin導致第1位A管子缺筆畫,J10 PIN1退PIN導致第1位A管子缺筆劃
J10 pin4與pin 6短路,J10 PIN4與PIN 6SHORT
J10 外力損壞,J10外力損壞
J10 焊錫不良導致缺筆畫,J10 焊錫不良導致筆劃
J10 退pin導致七段顯示器缺筆畫,J10 退PIN導致+F521段顯示器缺筆劃
J10 退pin導致第1組七段顯示器A管子缺筆畫,J10 退PIN導致第1組7段顯示器A管子缺筆劃
J10外力損壞斷線,J10外力損壞
J10槽內有異物,J10槽內異物
"J10連同銅箔脫落,七段顯示有被撞的痕跡","J10連同銅箔脫落,7段顯示有被撞的痕跡"
J10錫渣短路,J10錫渣SHORT
J11pin2下陷,J11PIN2下陷
J1處銅箔燒碳化,J1銅箔燒毀碳化
J5粘膠,J5黏膠
J5進水報警AL016,"J5進水,AL016"
J6 Pin2(DGND)與U21 Pin5(DGND)之間Open,J6 PIN2(DGND)與U21 PIN5(DGND)之間OPEN
J6 Pin2無線尾,J6 PIN2無線尾
J6 pin斷,J6 PIN斷
J610 PIN6-8錫短,J610 PIN6~8錫短
J610 pin13和pin15錫短,"J610 PIN13,PIN15錫短"
J610 pin腳連錫,J610 PIN腳連錫
J7端子PIN19（VREF）有異物,J7端子PIN19（VREF）有异物
"KEYPAD 銘板脫落不見,mode按鍵損壞","keyPad銘板脫落不見,MODE按鍵損壞"
L1 L2/USB上電面板一直閃爍顯示Read only,"L1,L2,USB上電面板一直閃爍顯示Read only"
L1C相端子螺絲滑牙,LC1_螺絲滑牙
L1C端子螺絲損壞,L1_螺絲損壞
L1C螺絲壞擰不下去,L1C_螺絲滑牙
L1C螺絲滑牙,L1C_螺絲滑牙
"L1C螺絲滑牙,螺母正常","L1C_螺絲滑牙,螺母正常"
L1C螺絲無法旋入旋出。,L1C_螺絲滑牙
L1L2上電無顯示,"L1,L2上電無顯示"
L1L2上電面板無顯示,"L1,L2上電無顯示"
L1L2上電顯示正常,"L1,L2上電顯示正常"
L1L2相端子螺絲損壞,"L1,L2_螺絲損壞"
L1c漏焊,L1C漏焊
L1c端子內部螺紋損壞,LC端子內部螺紋損壞
L1c端子螺絲受外力損壞,L1_螺絲損壞
L1上電端子滑牙,L1_上電端子滑牙
L1相端子螺絲損壞,L1_螺絲損壞
L1相螺絲損壞,L1_螺絲損壞
L1螺絲滑牙,L1_螺絲滑牙
L2C擰不緊,L2C_螺絲滑牙
L2C相端子螺絲損壞,L2C_端子螺絲損壞
L2C端子螺母滑絲,L2C_螺絲滑牙
L2C螺絲壞擰不下去,L2C_螺絲滑牙
L2C螺絲損壞,L2C_螺絲損壞
L2C螺絲滑牙,L2C_螺絲滑牙
L2C點滑牙,L2C_螺絲滑牙
L2L螺絲滑牙,L2L_螺絲滑牙
L2c包焊,L2C包焊
L2c相端子螺絲損壞,L2C_端子螺絲損壞
L2c端子內部螺紋損壞,L2C端子內部螺紋損壞
L2c端子螺絲受外力損壞,L2C_螺絲損壞
L2相端子螺絲損壞,L2端子螺絲損壞
L2端子螺絲卡死,L2_螺絲卡死
L2端子螺絲卡死損壞,L2端子螺絲損壞
L2螺絲滑牙,L2_螺絲滑牙
L2螺絲滑開,L2_螺絲滑牙
LA002報警,AL002
MODE按鍵壞了,MODE按鍵損壞
MODE按鍵掉落,MODE按鈕缺失
MODE按鍵脫落,MODE按鈕缺失
"MODE鍵,上鍵損壞",MODE按鍵缺失
MODE鍵壞,MODE按鍵損壞
MODE鍵損壞,MODE按鍵損壞
MODE鍵損壞掉落,MODE按鍵損毀
MODE鍵撞壞,MODE按鍵損壞
MODE鍵斷,MODE按鍵損壞
"MODE鍵斷,SHIFT按鍵斷","MODE按鍵斷裂,SHIFT按鍵斷裂"
MODE鍵斷裂,MODE按鍵損壞
MODE鍵缺失,MODE按鍵缺失
MODE鍵脫落,MODE按鍵損毀
Mode按鍵損壞,MODE按鍵損壞
"N-C-D之間打火,IGBT擊穿,DD22擊穿,回生電阻OPEN,DRLY1短路","N~C~D之間打火,IGBT擊穿,DD22擊穿,回生電阻OPEN,DRLY1 SHORT"
NDF-檢測正常,NDF~檢測正常
No Defect Found,No Defect FoUnd
N對RS短路,N對RS SHORT
N對UVW open,N對UVW OPEN
OA.OB口壞了,"OA,OB口壞了"
OA/OB/OZ對GND阻抗異常,"OA,OB,OZ對GND阻抗異常"
OAOBOZ信號無輸出,"OA,OB,OZ信號輸出異常"
OAOBOZ波形正常,"OA,OB,OZ波形正常"
OAOBOZ無輸出,"OA,OB,OZ信號輸出異常"
OAOBOZ輸出異常,"OA,OB,OZ信號輸出異常"
OA輸出異常,OA信號輸出異常
OB信號無輸出,OB信號輸出異常
OB輸出異常,OB信號輸出異常
P-U相短路,P~U相SHORT
P/N對PE短路,"P,N對PE SHORT"
P/N對RS OPEN,"P,N對RS OPEN"
"P/N對Ropen,對UW短路,N對C擊穿","P,N對R OPEN,對UW SHORT,N對C擊穿"
P1-01參數設置錯誤,P1~01參數設置異常
P1-37參數設置異常,P1~37參數設置異常
"PCB孔徑不符規格,插件難插導致容易折腳","PCB孔徑不符規格,插件難插導致容易折脚"
PH20/PH21為W1934週TLP2366批量品質問題光耦,"PH20,PH21為W1934週TLP2366批量品質問題光耦"
PLC脈衝只朝一個方向走,PLC脉衝只朝一個方向走
PN對R OPEN.N對T短路,PN對R OPEN.N對TSHORT
PN對R open,PN SHORT
PN短路,PN SHORT
PULSE INPUT電路限流電阻燒,PULSE INPUT電路限流電阻燒毀
"PW擊穿,NU 斷開,DR58炸","PW擊穿,NU 斷開,DR58炸裂"
Pluse Output電路接線異常,PULSE OUTPUT電路接線異常
Pulse Input電路接線異常,PULSE INPUT電路接線異常
"P對R OPEN,對SUVW 短路,N對R open","P對R OPEN,對SUVW SHORT,N對R OPEN"
"P對RS open,對T短路,N對RS","P對RS OPEN,對T SHORT,N對RS"
"P對RSopen,對UVW open,N對RSUopen","P對RS OPEN,對UVW OPEN,N對RSU OPEN"
P對RS短路,P對RS SHORT
"P對Ropen,N對Rsopen,DC3/DC53鼓包","P對R OPEN,N對RS OPEN,DC3,DC53鼓包"
"P對SUVW短路,N對R短路","P對SUVW SHORT,N對R SHORT"
"P對U OPEN,N對W短路","P對U OPEN,N對W SHORT"
"P對UV open,N對W短路","P對UV OPEN,N對W SHORT"
"P對UVW open,N對RS 短路,對UVWopen","P對UVW OPEN,N對RS SHORT,對UVW OPEN"
"P對UVW open,N對UW open,對V短路","P對UVW OPEN,N對UW OPEN,對V SHORT"
P對UVW短路,P對UVW SHORT
"P對UVW短路,進液體腐蝕污染","P對UVW SHORT,進液體腐蝕污染"
"P對UW open,N對W open","P對UW OPEN,N對W OPEN"
P對U擊穿 軟起電阻燒壞,P對U擊穿 軟起電阻燒毀
P對U短路,P對U SHORT
"P對U短路,N對UVW open","P對U SHORT,N對UVW OPEN"
"P對U短路,N對VW open","P對U SHORT,N對VW OPEN"
"P對U短路,控制側有鐳射焊錫偏移碳化點,PIN間無短路現象","P對U SHORT,控制側有鐳射焊錫偏移碳化點,PIN間無SHORT現象"
P對U短路IGBT損壞,P對U SHORT IGBT損壞
"P對V open P對W短路,N對RS短路,N對UV OPEN","P對V OPEN,P對W SHORT,N對RS SHORT,N對UV OPEN"
"P對V open,N對UW短路","P對V OPEN,N對UW SHORT"
P對Vopen,P對V OPEN
P對V短路,P對V SHORT
P對WU pin腳跳火,P對WU PIN腳跳火
P對W相Short,P對W SHORT
P對W相特性Short,P對W相特性SHORT
P對W短路,P對W SHORT
P相端子螺絲損壞,P相_螺絲損壞
Q12-CE擊穿,Q12~CE擊穿
Q12短路,Q1 SHORT
Q9 碎件,Q9碎件
R S T對P short,"R,S,T對P SHORT"
"R,L1L2相端子螺絲損壞","R,L1,L2_螺絲損壞"
"R,S,L1相端子螺絲損壞","R,S,L1_螺絲損壞"
"R,S,T,L1上電端子pin腳無線尾","R,S,T,L1上電端子PIN脚無線尾"
"R,S相端子螺絲損壞","R,S_螺絲損壞"
"R,S端子螺絲損壞","R,S_螺絲損壞"
R/L1相端子螺絲損壞,R/L1端子_螺絲損壞
"R15,R222,R201燒","R15,R222,R201燒毀"
"R15,R222,R76燒,D13過熱","R15,R222,R76燒毀,D13過熱"
R160燒,R160燒毀
"R160燒,C140,R153損壞","R160燒毀,C140,R153損壞"
"R160燒,PH4 Open","R160燒毀,PH4 OPEN"
"R160燒,PH5 pin1熔斷,PH4 Open","R160燒毀,PH5 PIN1熔斷,PH4 OPEN"
"R160燒壞,C140,R153損壞","R160燒毀,C140,R153損毀"
R205燒壞,R205燒毀
"R252,R253,R254,R255燒","R252,R253,R254,R255燒毀"
"R252,R253,R254,R255燒件","R252,R253,R254,R255燒毀件"
"R252,R253,R254,R255燒壞","R252,R253,R254,R255燒毀"
"R252,R253,R254,R255燒碳化","R252,R253,R254,R255燒毀碳化"
"R252,R253,R255燒","R252,R253,R255燒毀"
"R252,R253燒","R252,R253燒毀"
"R252,R253燒件","R252,R253燒毀"
"R252,R253燒壞","R252,R253燒毀"
"R252,R253燒壞,3.3V擊穿,灌入3.3V電壓,DSP異常發熱","R252,R253燒毀,3.3V擊穿,灌入3.3V電壓,DSP異常發熱"
"R252,R253燒壞,RST pin腳有打火,控制板有噴灰","R252,R253電阻燒毀,RST PIN脚有打火,控制板有噴灰"
"R252,R253燒燬","R252,R253燒毀"
"R252,R253燒碳化","R252,R253燒毀碳化"
R252/253/254/255燒毀,"R252,R253,R254,R255燒毀"
R252/R253/R254/R255電阻燒壞,"R252,R253,R254,R255電阻燒毀"
R252/R253燒壞,"R252,R253燒毀"
R252/R253限流電阻燒壞,"R252,R253限流電阻燒毀"
R252和R253燒毀,"R252,R253燒毀"
"R254,R255,R252,R253電阻燒壞","R252,R253,R254,R255電阻燒毀"
"R254,R255燒壞","R254,R255電阻燒毀"
"R254,R255燒毀","R254,R255電阻燒毀"
"R254,R255電阻燒壞","R254,R255電阻燒毀"
R254/R255電阻燒壞,"R254,R255電阻燒毀"
R254/R255電阻過熱,"R254,R255電阻過熱"
R260  BOM錯建爲0Ω,R260 BOM錯建爲0Ω
RL001報警,AL001
RL003,AL003
RL083,AL083
RS&RT上電SERVO ON報警AL022-重組後正常,RS&RT上電SERVO ON報警AL022~重組後正常
"RST對P/N特徵正常,輸出端子P對N阻抗30.1Ω","RST對P,N特徵正常,輸出端子P對N阻抗30.1Ω"
RS相端子螺絲損壞,RS_螺絲損壞
"RS相銅箔炸斷,整流子擊穿","RS相銅箔炸裂斷,整流子擊穿"
"RS銅箔斷,DD22擊穿,IGBT炸","RS銅箔斷,DD22擊穿,IGBT炸裂"
RT/L1L2上電使能後報AL022,"RT,L1L2上電使能後報AL022"
RT相銅箔被燒斷,RT相銅箔被燒毀斷
"RT銅箔熔斷,DD22擊穿,DQ2剎車晶體燒壞","RT銅箔熔斷,DD22擊穿,DQ2剎車晶體燒毀"
R位螺絲滑牙,R端子_螺絲滑牙
R口滑牙,R端子_螺絲滑牙
"R對P短路,ST對N短路","R對P SHORT,ST對N SHORT"
"R對一段短路,通電跳閘","R對一段SHORT,通電跳閘"
R滑絲,R端子_螺絲滑牙
R相對N擊穿,R對N擊穿
R相欠相,R欠
R相端子壞,R端子_螺絲損壞
"R相端子牙紋損壞,螺絲退不出來","R端子_牙紋損壞,螺絲退不出來"
R相端子螺絲卡死,R端子_螺絲卡死
R相端子螺絲卡頓,R端子_螺絲卡頓
R相端子螺絲損壞,R端子_螺絲損壞
"R相端子螺絲損壞,MODE鍵掉落","R端子_螺絲損壞,MODE鍵掉落"
"R相端子螺絲損壞,MODE鍵掉落,端子蓋一端脫落","R端子_螺絲損壞,MODE鍵掉落,端子蓋一端脫落"
R相端子螺絲滑牙,R端子_螺絲滑牙
"R相端子螺絲滑牙,無法進退","R端子_螺絲滑牙,無法進退"
R相螺母磨損嚴重,R端子_螺絲損壞
R相螺絲損壞,R端子_螺絲損壞
R相螺絲滑牙,R端子_螺絲滑牙
"R相螺絲滑牙,IGBT焊錫碳化","R端子_螺絲滑牙,IGBT焊錫碳化"
"R相螺絲滑牙,螺母正常","R端子_螺絲滑牙,螺母正常"
R相螺絲滑牙無法鎖到底,R端子_螺絲滑牙
"R相輸入端到Varistor的銅箔翹皮,整流子DD22,DD23擊穿,軟起電阻DR28燒,IGBT炸","R相輸入端到Varistor的銅箔翹皮,整流子DD22,DD23擊穿,軟起電阻DR28燒毀,IGBT炸裂"
"R相輸入端到Varistor的銅箔翹皮,整流子DD22擊穿,DR42炸,IGBT炸","R相輸入端到Varistor的銅箔翹皮,整流子DD22擊穿,DR42炸裂,IGBT炸裂"
"R相銅箔斷,DR28燒壞,IGBT pin腳打火,本體炸裂,DD22擊穿,5VD_GD短路","R相銅箔斷,DR28燒毀,IGBT PIN腳打火,本體炸裂,DD22擊穿,5VD_GD短路"
"R相銅箔斷,DR45炸,DR58燒壞,IGBT炸","R相銅箔斷,DR45炸裂,DR58燒毀,IGBT炸裂"
"R相銅箔炸斷,DD22擊穿","R相銅箔炸裂斷,DD22擊穿"
"R相銅箔炸裂,整流子處散熱片有打火痕跡","R相銅箔炸裂,整流子處散熱片有打火痕迹"
R端子滑牙,R端子_螺絲損壞
R端子螺母滑絲,R端子_螺絲滑牙
R端子螺絲損壞,R端子_螺絲滑牙
R端子螺絲滑牙,R端子_螺絲滑牙
R端螺絲滑牙,R端子_螺絲滑牙
R螺絲口壞,R端子_螺絲滑牙
R螺絲滑牙,R端子_螺絲滑牙
"R螺絲滑牙,上電報警",R端子_螺絲滑牙
R通道螺絲滑牙,R端子_螺絲滑牙
"R銅箔炸,整流子DD22打火","R銅箔炸裂,整流子DD22打火"
R項螺絲滑牙,R端子_螺絲滑牙
R點螺絲擰不出來,R端子_螺絲滑牙
"SET按鍵失靈,BSW3按壓無反應,有補焊痕跡","SET按鍵失靈,BSW3按壓無反應,有補焊痕迹"
SET按鍵斷,SET按鍵損壞
"SET按鍵斷,MODE,UP,MOWN,SHIFT按鍵皆有損傷","SET按鍵損壞,MODE,UP,MOWN,SHIFT按鍵皆有損傷"
SET鍵和SHIFT鍵功能一樣,SET鍵和SHIFT鍵聯動
SET鍵斷裂,SET按鍵斷裂
SET鍵與UP鍵聯動,SET鍵和UP鍵聯動
SG1燒掉,SG1燒毀
"SHIFT,SET,UP,DOWN按鍵損壞","SHIFT按鍵損壞,SET按鍵損壞,UP按鍵損壞,DOWN按鍵損壞"
SHIFT按鍵帽缺失,SHIFT按鍵缺失
"SHIFT鍵,上鍵損壞","SHIFT按鍵損壞,UP按鍵損壞"
SHIIFT鍵與UP鍵不靈敏,SHIIFT鍵和UP鍵不靈敏
"SPS/DCBUS電容鼓包,整流子擊穿","SPS,DCBUS電容鼓包,整流子擊穿"
Shift按鍵損壞,SHIFT按鍵損壞
Shift按鍵斷,SHIFT按鍵損壞
Shift按鍵缺失,SHIFT按鍵缺失
S和L1相端子螺絲損壞,"S,L1端子螺絲損壞"
S滑絲,S端子_螺絲滑牙
S相端子內部螺紋損壞,S端子_螺絲損壞
S相端子螺絲損壞,S端子_螺絲損壞
"S相端子螺絲滑牙,無法進退","S端子_螺絲滑牙,無法進退"
S相端子螺絲進退困難,"S端子_螺絲滑牙,無法進退"
S相端子螺絲鎖附時有阻力,"S端子_螺絲滑牙,無法進退"
S相螺紋滑牙,S端子_螺絲滑牙
S相螺絲損壞,S端子_螺絲損壞
S相螺絲滑牙,S端子_螺絲滑牙
S相螺絲無法旋入旋出,"S端子_螺絲滑牙,無法進退"
S端子螺絲損壞,S端子_螺絲損壞
S端子螺絲滑牙,S端子_螺絲滑牙
S端子螺絲無法旋入旋出,S端子_螺絲無法旋入旋出
S螺絲外力損壞,S端子_螺絲損壞
"S銅箔熔斷,DD22整流子R-P之間跳火,S引腳處有熱熔痕跡","S銅箔熔斷,DD22整流子R~P之間跳火,S引腳處有熱熔痕跡"
T相端子螺絲損壞,T端子_螺絲損壞
"T相螺絲打滑,螺母隨著螺絲轉動","T端子_螺絲打滑,螺母隨著螺絲轉動"
T相螺絲滑牙,T端子_螺絲滑牙
T螺絲外力損壞,T端子_螺絲損壞
U-BUS電壓顯示異常,U~BUS電壓顯示異常
U12 pin9~pin11之間阻抗為10kohm異常,"U12,PIN9~PIN11之間阻抗為10kohm異常"
"U14 Pin10,Pin12擊穿","U1,PIN10,PIN12擊穿"
U14燒燬,U14燒毀
U21 DP/DM對GND短路,"U21 DP,DM對GND SHORT"
"U21 pin6,7擊穿","U21 PIN6,7擊穿"
U21 燒壞,U21燒毀
U21和R136損壞,"U21,R136損壞"
U21和ZD17擊穿,"U21,ZD17擊穿"
U21燒壞,U21燒毀
"U21燒壞,3.3V和1.2V短路","U21燒毀,3.3V和1.2V SHORT"
"U21燒壞,5V,3.3V和1.2V短路","U21燒毀,5V,3.3V和1.2V SHORT"
"U21燒壞,U2損壞","U21燒毀,U2損壞"
"U21燒壞,U44,U2損壞","U21燒毀,U44,U2損壞"
"U25 Pin13,14開路","U25 PIN13,14開路"
U25 Pin8(DGND)對Pin13(OA#)短路,U25 PIN8(DGND)對PIN13(OA#)SHORT
U25 Pin8(DGND)對Pin2(OB)短路,U25 PIN8(DGND)對PIN2(OB)短路
"U25 pin14(OA)對pin8(GND)短路,R203 Open","U25 PIN14(OA)對PIN8(GND)SHORT,R203 OPEN"
"U25 pin14(OA)對pin8(GND)短路,R203阻值變大,ZD20短路","U25 PIN14(OA)對PIN8(GND)SHORT,R203阻值變大,ZD20 SHORT"
"U25 pin14(OA)對pin8(GND)短路,限流電阻R203 Open","U25 PIN14(OA)對PIN8(GND)SHORT,限流電阻R203 OPEN"
U25 pin2(OB)對pin8(GND)擊穿,U25 PIN2(OB)對PIN8(GND)擊穿
U25 pin2(OB)對pin8(GND)短路,U25 PIN2(OB)對PIN8(GND)SHORT
U25PIN14-OA對GND短路,U25PIN14~OA對GND SHORT
U25和R204損壞,"U25,R204損壞"
U25燒壞,U25燒毀
U27 pin3高蹺,U27 PIN3高蹺
U2燒壞,U2燒毀
U32 pin3-2 pin4-2短路,U32 PIN3~2 PIN4~2 SHORT
U33 output端3.3V輸出端只有1.2左右輸出,U33 OUTPUT端3.3V輸出端只有1.2左右輸出
U42 Pin3-2擊穿,U42 PIN3~2擊穿
"U42 Pin3-2擊穿,Pin4-2擊穿","U42 PIN3~2擊穿,PIN4~2擊穿"
"U42 Pin3-2擊穿,U43 Pin3-2擊穿,Pin4-2擊穿","U42 PIN3~2擊穿,U43 PIN3~2擊穿,PIN4~2擊穿"
"U42 Pin3-2擊穿,pin4-2擊穿","U42 PIN3~2擊穿,PIN4~2擊穿"
"U42 Pin3-2擊穿,pin4-3擊穿,U43 Pin2-4擊穿","U42 PIN3~2擊穿,PIN4~3擊穿,U43 PIN2~4擊穿"
"U42 Pin4-2,Pin3-2擊穿","U42 PIN4~2,PIN3~2擊穿"
"U42 Pin4-2擊穿,Pin3-2擊穿","U42 PIN4~2擊穿,PIN3~2擊穿"
U42Txx 5V/1.2V對GND短路,"U42,Txx 5V,1.2V對GND SHORT"
U43 Pin3-2擊穿,U43 PIN3~2擊穿
"U43 Pin3-2擊穿,Pin4-2擊穿","U43 PIN3~2擊穿,PIN4~2擊穿"
"U43 Pin3-2擊穿,pin4-2擊穿","U43 PIN3~2擊穿,PIN4~2擊穿"
U43 pin3-2&pin4-2短路,U43 PIN3~2&PIN4~2 SHORT
"U44燒壞,ZD16擊穿,USB退PIN","U44燒毀,ZD16擊穿,USB退PIN"
U616 pin7與pin8錫短,U616 PIN7與PIN8錫短
U9 5VD_iso對DGND_ISO短路,U9 5VD_iso對DGND_ISO SHORT
"U9擊穿,5Vdc_ISO對DGND_ISO短路,5VDPWR對GND短路/ZD10燒","U9擊穿,5Vdc_ISO對DGND_ISO SHORT,5VDPWR對GND SHORT,ZD10燒毀"
UP鍵失靈無反應,UP按鍵失靈
UP鍵損壞,UP按鍵損壞
UP鍵斷裂,UP按鍵損壞
UP鍵無效,UP按鍵失靈
USB上電面板無顯示,USB上電無顯示
USB上電顯示Read only,USB上電顯示READ ONLY
"USB剛上電顯示,一會又無顯示",USB上電無顯示
USB無法通訊,USB通訊異常
USB端口退pin,USB端口退PIN
USB通訊不良,USB通訊異常
"USB通訊無法找到COM口,.D-對DGND短路,3.3V對DGND低阻抗","USB通訊無法找到COM口,D~對DGND SHORT,3.3V對DGND低阻抗"
"USB電路ZD16燒壞,ZD11 open,DSP 3.3V對GND短路","USB電路ZD16燒毀,ZD11 OPEN,DSP 3.3V對GND SHORT"
"UVW上橋open VW下橋擊穿,DR58炸","UVW上橋OPEN VW下橋擊穿,DR58炸裂"
"UVW下橋short,軟起電阻燒","UVW下橋SHORT,軟起電阻燒毀"
"UVW對N擊穿,IGBT炸裂,DR58燒壞","UVW對N擊穿,IGBT炸裂,DR58燒毀"
"UVW相間short,對P/N open","UVW相間SHORT,對P,N OPEN"
"UVW相間短路,對P短路","UVW相間SHORT,對P SHORT"
"UV下橋short,軟起電阻DR28 open,DR58燒損","UV下橋SHORT,軟起電阻DR28 OPEN,DR58燒毀損"
"UV對PN擊穿,PR擊穿,DR58炸","UV對PN擊穿,PR擊穿,DR58炸裂"
"UV對P特徵正常,W對P/N open,UV之間阻抗異常","UV對P特徵正常,W對P,N OPEN,UV之間阻抗異常"
U上short,U上SHORT
"U上橋擊穿,UW下橋open,DR58炸","U上橋擊穿,UW下橋OPEN,DR58炸裂"
U對P短路,U對P SHORT
U相上橋短路,U相上橋SHORT
U相對P短路,U相對P SHORT
U相端子螺絲受外力損壞,U端子_螺絲損壞
U相端子螺絲損壞,U端子_螺絲損壞
U相螺絲擰不開,U端子_螺絲滑牙
U相螺絲滑牙,U端子_螺絲滑牙
U相螺絲無法旋入旋出,U端子_螺絲滑牙
U相螺絲針部損壞,U端子_螺絲損壞
U螺絲端子擰不出來也擰不緊,U端子_螺絲滑牙
V-BUS電壓異常為12V,V~BUS電壓異常為12V
"VARISTOR打火,整流子擊穿,IGBT損壞,DR58燒壞,DR28軟啟燒,按鍵壞,USB端子壞","VARISTOR打火,整流子擊穿,IGBT損壞,DR58燒毀,DR28軟啓燒毀,按鍵壞,USB端子壞"
VARISTOR炸,VARISTOR炸裂
"VARISTOR炸,DR28燒壞,DC52鼓包,DC3鼓包","VARISTOR炸裂,DR28燒毀,DC52鼓包,DC3鼓包"
"V對PN斷開,PW,UN擊穿,DR58炸,軟起壞","V對PN斷開,PW,UN擊穿,DR58炸裂,軟起壞"
V對P特性short,V對P SHORT
V對P短路,V對P SHORT
V相上橋短路,V相上橋SHORT
V相端子螺絲損壞,V端子_螺絲損壞
V端子滑牙,V端子_螺絲滑牙
W對P/N開路,"W對P,N開路"
W對P特性short,W對P特性SHORT
W相上橋短路,W相上橋SHORT
"W相端子滑牙,UW相端子附近塑膠外力損壞","W端子_螺絲滑牙,UW端子附近塑膠外力損壞"
W相端子螺絲損壞,W端子_螺絲損壞
W相端子過熱燒壞,W端子_過熱燒毀
W相螺絲卡死,W端子_螺絲損壞
W相螺絲損壞,W端子_螺絲損壞
W相螺絲斷,W端子_螺絲損壞
"W相螺絲盤頭十字紋損壞,螺絲無法擰下來","W端子_螺絲盤頭十字紋損壞,螺絲無法擰下來"
W螺絲滑牙,W端子_螺絲滑牙
X'TAL不起振,X'TAL無法起振
X軸傳感器I/O接觸不良,I/O異常
Y軸報警AL085,Y軸AL085
Y軸驅動器輸出短路,Y軸驅動器輸出SHORT
"ZD19,ZD20損壞","ZD1,ZD20損壞"
ZD20燒,ZD20燒毀
ZD615和ZD7擊穿,"ZD615,ZD7擊穿"
Z軸009報警,Z軸AL009
a.IGBT擊穿（UW對P/N擊穿） b.DR58炸裂,"1.IGBT擊穿(UW對P,N擊穿)2.DR58炸裂"
al0001,AL001
al006,AL006
"al010,al085,剎車異常","AL010,AL085"
al085,AL085
alcdb報警,ALCDB
"a整流子DD22擊穿,S對P擊穿 b.DR58炸裂 c.IGBT炸裂,P腳熔斷,與HSK之間有跳火","1.整流子DD22擊穿,S對P擊穿 2.DR58炸裂 3.IGBT炸裂,P腳熔斷,與HSK之間有跳火"
canopen通訊正常,canOPEN通訊正常
case使用錯料,CASE混料
"case外力損壞,伺服功能正常","CASE外力損壞,伺服功能正常"
case熱熔,CASE熱熔
case錯料,CASE混料
c與短路換上蓋,C相端子與SHORT換上蓋
eeprom 資料錯誤,eeProm 資料錯誤
igbt11/12上有錫片短路,igbt11/12上有錫片SHORT
"inverter炸,DR58炸","inverter炸裂,DR58炸裂"
io有問題,I/O異常
keypad上SET按鍵損壞,keyPad上SET按鍵損壞
"keypad按鍵損壞,分析受外力影響,但與機構設計相關","keyPad按鍵損壞,分析受外力影響,但與機構設計相關"
"keypad缺失,CN2粘膠","keyPad缺失,CN2粘膠"
l1端子滑牙,L1_螺絲滑牙
mini-b連接不上臺達調試軟件,mini~b連接不上臺達調試軟件
mode shift鍵斷,MODE SHIFT鍵斷
mode按鍵損毀,MODE按鍵損毀
"mode鍵損壞,R相端子螺絲損壞","MODE按鍵損壞,R相端子螺絲損壞"
mode鍵斷,MODE按鍵損壞
"power板R\S端子附近燒毀,銅箔融毀,DR58,DR57,DC64燒毀,IPM引腳閒有打火","POWER板R\S端子附近燒毀,銅箔融毀,DR58,DR57,DC64燒毀,IPM引脚閑有打火"
"power板R\S端子附近燒毀,銅箔融毀,U對P短路,R對P\N開路","POWER板R\S端子附近燒毀,銅箔融毀,U對P SHORT,R對P\N開路"
"pulse output電路U25燒壞,R205阻值變大,電源系統全部擊穿","PULSE OUTPUT電路U25燒毀,R205阻值變大,電源系統全部擊穿"
"pulse output電路U25燒壞,R205阻值變大壞,電源系統全部擊穿","PULSE OUTPUT電路U25燒毀,R205阻值變大壞,電源系統全部擊穿"
pulse不接受脈衝,PULSE不接受脈衝
pulse和sign之間短路,PULSE和SIGN之間SHORT
pulse輸入伺服無動作,PULSE輸入伺服無動作
r項螺絲滑牙,R端子_螺絲滑牙
servo on無效,SERVO ON無效
set健壞,SET按鍵損壞
set鍵斷,SET按鍵損壞
set鍵與shift功能一致,SET按鍵與SHIFT功能一致
"shift 鍵失靈,BSW2按壓無反應,有補焊痕跡","SHIFT鍵失靈,BSW2按壓無反應,有補焊痕迹"
shift和set按鍵外力損壞,"SHIFT按鍵損壞,SET按鍵損壞"
"shift按鍵損壞,確認為對策前產品","SHIFT按鍵損壞,確認為對策前產品"
shift按鍵斷裂損壞,SHIFT按鍵損壞
shift鍵斷,SHIFT按鍵損壞
s端滑絲,S端子_螺絲滑牙
s項螺絲滑牙,S端子_螺絲滑牙
unk,UNK
up set鍵斷,UP按鍵損壞
up 鍵斷,UP按鍵損壞
up鍵斷,UP按鍵損壞
"up鍵缺失,case有外力撞擊痕跡","UP按鍵缺失,CASE有外力撞擊痕迹"
"usb連不上電腦,通訊不了",USB通訊異常
u相上橋短路,U相上橋SHORT
u項短路,U項 SHORT
u項缺項,U項缺項
"varistor打火,整流子擊穿,IGBT損壞","VARISTOR打火,整流子擊穿,IGBT損壞"
varistor炸,VARISTOR炸裂
“AL011”報警,AL011
一上電就跳閘,上電後異常
一直報AL011,AL011
一直報警,報警
一直報警al521需要檢修,AL521
一直報電容充電異常,電容充電異常
上不了電 斷電,上電後異常
上機後冒煙,上機後冒烟
"上蓋L1L2輸入線有跳火痕跡,DR1 open,DD1擊穿","上蓋L1L2輸入線有跳火痕跡,DR1 oPen,DD1擊穿"
上鍵損壞,UP按鍵損壞
上電 無顯示,上電後異常
上電01報警,AL001
上電5分鐘報警AL011 需要檢測報告,AL011
上電AL01,上電AL001
"上電AL06;VUS讀值15V,5V短路,上橋驅動光耦二次側5V均短路,U-P open","上電AL06,VUS讀值15V,5V短路,上橋驅動光耦二次側5V均短路,U~P oPen"
上電DSP有嘶嘶的聲音,上電DSP有異音
"上電一段時間後死機,無顯示",上電無顯示
上電一段時間後無反應,上電無顯示
上電一段時間後無顯示,上電無顯示
"上電一段時間後面板卡住,再次上電無顯示",上電無顯示
上電一段時間無顯示,上電無顯示
上電不亮,上電後異常
上電不顯示,上電後異常
"上電不顯示,3.3V電路輸出異常","上電無顯示,3.3V電路輸出異常"
"上電不顯示,內部進水腐蝕","上電無顯示,內部進水腐蝕"
上電使能AL001,上電後報AL001
上電使能後報AL022,上電後報AL022
上電兩分鈡左右呈現死機狀態,上電死機狀態
上電冒煙,上電冒烟
上電十幾分鍾後跳閘冒煙,上電後異常
上電可以顯示,上電正常顯示
"上電報006,後報警085","上電後報006,後報警AL085"
"上電報011,一小段時間後報警085","上電後報011,後報警AL085"
上電報AL001,上電後報AL001
上電報AL006,上電後報AL006
上電報ALC31,上電報警ALC31
"上電報警,RL016,IGBT過熱","上電後報AL016,IGBT過熱"
上電報警06,上電報警AL006
上電報警06 緊接著報85,"AL006,AL085"
上電報警09F,上電後報AL09F
上電報警22,上電報警AL022
上電報警AL001,上電後報AL001
上電報警AL031 需要檢測報告,上電後報AL031
上電報警AL085,上電後報AL085
上電報警AL09F,上電後報AL09F
上電報警CDB,上電後報警CDB
上電報警al001,上電後報AL001
上電報警過電流AL006,上電後報AL006
上電報錯RL001,上電後報AL001
上電報：ALC31,上電後報ALC31
上電就冒煙了,上電後異常
上電就報001,上電後報AL001
上電屏幕黑屏無顯示,上電無顯示
上電帶馬達報11,上電後報AL011
上電帶馬達運行一段時間死機,上電死機狀態
"上電後,無啓動",上電無顯示
上電後就燒了,上電後就燒毀了
上電我顯示,上電後異常
上電數字顯示屏無顯示,上電無顯示
上電有異響,上電後異常
"上電檢查報警記錄,存在AL085報警",上電後報AL085
上電沒反應,上電後異常
上電沒反應要分析報告,上電後異常
上電沒有反應,上電後異常
上電沒顯示,上電後異常
上電無反應,上電無顯示
"上電無顯示,3.3V對GND短路,控制板U2燒","上電無顯示,3.3V對GND短路,控制板U2燒毀"
"上電無顯示,重新燒錄韌體後顯示正常","上電無顯示,重新燒毀錄韌體後顯示正常"
"上電過壓,應該是燒壞了,顯示屏不亮","上電過壓,上電無顯示"
上電面板不亮,上電無顯示
上電面板卡住,上電無顯示
"上電顯示AL011,一段時間後ALCDB","上電後報AL011,ALCDB"
上電顯示屏不亮,上電無顯示
上電黑屏,上電無顯示
下鍵失效其他按鍵不靈,"DOWN按鍵失效,其他按鍵不靈"
不亮,無法正常作業
不亮燈,無法正常作業
不使能,無法正常作業
不報警導致伺服抖動換驅動器就沒問題,"不報警導致伺服抖動,換驅動器可解决"
不定時報 AL001,AL001
不定時報警AL011,AL011
不工作,無法正常作業
不能正常使用,無法正常作業
"不能正常工作,螺絲滑牙無法鎖定","無法正常作業,螺絲滑牙"
不良,無法正常作業
不通電 無顯示,不通電
"不通電,報警代碼9F",AL09F
"不通電,屏幕不顯示",不通電
"不通電,插電沒反應",不通電
"不通電,無動作",不通電
"不通電,顯屏不亮",不通電
不通電/AL006,"不通電,AL006"
不通電不顯示,"不通電,無顯示"
不顯示,無顯示
"不顯示? Y軸,上電伺服啓動異常,燒壞無顯示,通電不亮屏,通電跳閘,有輸入,無輸出,找不到站點","Y軸,上電伺服啓動異常,燒毀無顯示,通電不亮屏,通電跳閘,有輸無輸出,找不到站點"
主迴路電容損壞,主回路電容損壞
亂報故障,亂碼異常
亂碼,亂碼異常
"亂碼,間歇性無顯示",亂碼異常
亂髮脈衝,亂髮脉衝
"二次返修,開集極脈衝方式運行異常,反轉無響應","二次返修,開集極脉衝方式運行異常,反轉無響應"
仍然報警AL001,AL001
以工程師檢測爲準,以工程師檢測爲准
伺服不使能,伺服未使能
伺服不工作或者報警,伺服未使能
伺服串聯下一臺伺服失敗,伺服串聯下一台伺服失敗
"伺服內部存在液體污染,剎車晶體擊穿,回聲電阻Open,DPH15污染","伺服內部存在液體污染,刹車晶體擊穿,回聲電阻OPen,DPH15污染"
"伺服出現自動重啟,隨後無顯示。","伺服出現自動重啓,隨後無顯示"
伺服報警 需要檢測報告,伺服報警
伺服報錯,伺服報警
伺服壞,伺服報警
伺服帶馬達運轉正常,伺服帶馬達正常
伺服故障,伺服報警
"伺服未使能,無顯示",伺服未使能
伺服脈衝功能正常,伺服脉衝功能正常
"伺服運行波動大2000轉運行會超過設定位置,參數重置無效,更換一臺正常","伺服運行波動大2000轉運行會超過設定位置,參數重置無效,更換一台正常"
"伺服電機往復運動電機位置會跑偏掉,換臺驅動器就好了","伺服電機往復運動電機位置會跑偏掉,換台驅動器就好了"
伺服電機當編碼器使用是時 轉速低於8圈每分鐘平均20分鐘會出現一次從軸反方向動作一下 然後正常運行 換了編碼器就沒有這種現象之前用伺服電機也沒有這種現象,伺服電機當編碼器使用是時 轉速低于8圈每分鐘平均20分鐘會出現一次從軸反方向動作一下 然後正常運行 換了編碼器就沒有這種現象之前用伺服電機也沒有這種現象
低電壓,低電壓報警
低電壓準位設置錯誤,低電壓報警
"使用一段時間後會有斷電,異響情況出現","使用一段時間後會有斷電,異響情况出現"
"使用軸卡測試Ethercat功能,按shift不會導致報警AL3E3,使用測試機測試pass","使用軸卡測試Ethercat功能,按SHIFT不會導致報警AL3E3,使用測試機測試Pass"
使能之後出現22號報警,AL022
使能報AL003,AL003
來料CN2接口歪,CN2異常
偶爾無顯示,偶爾性無顯示
偶爾黑屏,偶爾性無顯示
偶發001報警,AL001
偶發性無顯示,偶爾性無顯示
偶發無顯示,偶爾性無顯示
"內建回生電阻open,過壓533V,回生電阻參數設定異常P1-52=750,P1-53=15000","內建回生電阻oPen,過壓533V,回生電阻參數設定異常P1~52=750,P1~53=15000"
"內部參數參數檢查P1-01=0,未使用通訊模式","內部參數參數檢查P1~01=0,未使用通訊模式"
"內部參數參數檢查P1-01=1,未使用通訊模式","內部參數參數檢查P1~01=1,未使用通訊模式"
內部嚴重損壞,內部損壞
"內部有液體從安裝面上方進入伺服內部,DR58/DR42/DR57/DC64損壞,3.3V低阻抗","內部有液體從安裝面上方進入伺服內部,DR58,DR42,DR57,DC64損壞,3.3V低阻抗"
"內部有粉塵,軟起電阻燒壞,relay融損剎車晶體CE擊穿","內部有粉塵,軟起電阻燒毀,relay融損刹車晶體CE擊穿"
"內部有金屬絲掉落,變壓器底部打火,DR28燒","內部有金屬絲掉落,變壓器底部打火,DR28燒毀"
"內部污染,IGBT炸毀嚴重","內部污染,IGBT炸裂毀嚴重"
"內部油污,IGBT PIN12對COM短路","內部油污腐蝕,IGBT PIN12對COM短路"
"內部油污腐蝕,SPS電路DR1open,DD1擊穿,DU1損壞","內部油污腐蝕,SPS電路DR1oPen,DD1擊穿,DU1損壞"
"內部灰塵很多,DR28損壞","內部污染,DR28損壞"
內部燒壞,內部燒毀
內部短路,內部SHORT
內部端子松,內部端子鬆
"內部粉塵污染嚴重,上電顯示正常但連接馬達時常報警AL011","內部金屬粉塵污染,上電顯示正常但連接馬達時常報警AL011"
內部腐蝕嚴重,內部進水腐蝕
"內部進水腐蝕,剎車晶體DQ2擊穿,回生電阻燒","內部進水腐蝕,剎車晶體DQ2擊穿,回生電阻燒毀"
內部金屬屑,內部金屬粉塵污染
"內部金屬粉塵污染,DQ2燒","內部金屬粉塵污染,DQ2燒毀"
"內部鐵屑污染導致IGBT擊穿,DD22,DD23擊穿,DQ2損壞,回生電阻OPEN,DR300,DC6,DR57燒","內部金屬粉塵污染導致IGBT擊穿,DD22,DD23擊穿,DQ2損壞,回生電阻OPEN,DR300,DC6,DR57燒毀"
"內部鐵粉污染嚴重,DZD8被客戶自行拆除,DQ2擊穿,回聲電阻阻值變大","內部金屬粉塵污染嚴重,DZD8被客戶自行拆除,DQ2擊穿,回聲電阻阻值變大"
內部電子元件DR58燒燬,內部電子元件DR58燒毀
內部電容燒掉,內部電容燒毀掉
內部電源不行,內部電源異常
內部電源有問題,內部電源異常
其他( AL001報警),AL001
其他( R和S螺絲滑絲 ),"R端子_螺絲滑牙,S端子_螺絲滑牙"
"其他(""T""螺絲滑絲)",T端子_螺絲滑牙
其他(001報警),AL001
其他(003報警),AL003
其他(11報警),AL011
其他(11號報警),AL011
其他(16號報警),AL016
其他(1號報警),AL001
其他(3號報警),AL003
其他(85號報警),AL085
其他(AL001),AL001
其他(AL003),AL003
其他(AL006),AL006
其他(AL006無法消除),AL006
其他(AL085報警),AL085
其他(CN1口壞),CN1異常
其他(CN1端口沒有輸出),CN1異常
"其他(CN2接口有問題,插不緊 )",CN2異常
"其他(QIA220401 case材料廠商將 V3 case混入B3 case 料號,case錯料影響產品散熱)","其他(QIA220401 case材料廠商將 V3 case混入B3 case 料號 ,case錯料影響産品散熱)"
其他(R相螺絲滑牙),R端子_螺絲滑牙
其他(S項螺絲滑牙),S端子_螺絲滑牙
"其他(Z軸會自動下降,更換驅動器後,正常。 )","其他(Z軸會自動下降,更換驅動器後,正常 )"
其他(上電不顯示),上電後異常
其他(上電報AL086),AL086
其他(上電報過電流),上電後異常
其他(上電沒反應),上電後異常
其他(上電沒顯示),上電後異常
其他(上電無反應 ),上電後異常
其他(上電無響應),上電後異常
其他(上電無顯示 ),上電後異常
其他(上電無顯示(還回條碼和申請條碼不一致）),上電後異常
其他(上電無顯示),上電後異常
"其他(上電運行過程報AL003,換一臺驅動器就好了)",AL003
其他(上電面板不亮),上電後異常
其他(上電顯示ASD-3),上電後異常
"其他(伺服電機往復運動電機位置會跑偏掉,換臺驅動器就好了)","其他(伺服電機往復運動電機位置會跑偏掉,換台驅動器就好了)"
其他(內部燒壞),其他(內部燒毀)
"其他(告警06,無輸出)",AL006
其他(報001),AL001
"其他(報011（我司刷韌體時發現,一上電就報011）,品質問題)",AL011
其他(報022),AL022
其他(報09F),AL09F
其他(報AL001),AL001
其他(報警001 ),AL001
其他(報警006 ),AL006
其他(報警086),AL086
其他(客戶反映螺絲擰不緊 ),螺絲滑牙
其他(客戶現場批量出現報警 ),其他(客戶現場批量出現報警)
其他(批次問題。),其他(批次問題)
其他(拆了UVW還報AL006),AL006
其他(按鍵壞),其他(按鍵無效)
其他(按鍵無效。),其他(按鍵無效)
其他(故障 ),其他(故障)
其他(故障現象：  新機上電報555),上電後異常
其他(故障現象：黑屏),其他(故障現象:黑屏)
"其他(數碼管偶爾不亮,不亮時無法連線和控制 )","其他(數碼管偶爾不亮,不亮時無法連線和控制)"
其他(數顯屏無顯示),其他(面板顯示故障)
其他(新機驅動器丅的位置螺絲滑牙申請發服務機),其他(新機驅動器T的位置螺絲滑牙申請發服務機)
其他(有顆螺絲擰不進去),螺絲滑牙
其他(模塊壞,其他(模塊壞)
其他(機子不能復位),其他(機子不能複位)
其他(欣巴反退（炸機）),其他(欣巴返退炸裂機)
其他(欣巴批次退回-炸。),其他(欣巴返退炸裂機)
其他(欣巴炸機),其他(欣巴返退炸裂機)
其他(欣巴物流炸機),其他(欣巴返退炸裂機)
其他(欣巴返退炸機),其他(欣巴返退炸裂機)
其他(滑絲),螺絲滑牙
其他(炸機（欣巴批量返回）),其他(欣巴返退炸裂機)
其他(炸機（欣巴）,其他(欣巴返退炸裂機)
其他(無法使用 ),其他(無法使用)
其他(無法連接),其他(通訊異常)
其他(無通訊),其他(通訊異常)
其他(無顯示),其他(面板顯示故障)
其他(發脈衝無法反轉),其他(發脉衝無法反轉
其他(短路 ),其他(SHORT)
其他(短路),其他(SHORT)
其他(聯得黑屏賠償週轉機有劃痕),其他(聯得黑屏賠償周轉機有劃痕)
其他(脈衝點壞了),其他(脉衝點壞了)
其他(螺絲滑牙),螺絲滑牙
其他(通訊不上),其他(通訊不良)
其他(通訊異常),其他(通訊不良)
"其他(連上電源沒顯示,燒壞了)",其他(通訊不良)
其他(週轉機還回),其他(面板顯示故障)
其他(過載al009),AL009
其他(面板不顯示),其他(面板顯示故障)
其他(面板沒有顯示),其他(面板顯示故障)
其他(面板顯示不全),其他(面板顯示故障)
其他(黑屏),其他(面板顯示故障)
"冒火花,燒了","冒火花,燒毀"
冒煙,冒烟
冒煙 短路 跳閘,"冒烟,短路,跳閘"
"冒煙,報警 檢測維修","冒烟,報警,檢測維修"
制動燒壞,制動電阻異常
制動電阻壞,制動電阻異常
制動電阻有問題,制動電阻異常
"剎車DQ2損壞,剎車電阻開路","剎車晶體DQ2擊穿,剎車電阻OPEN"
"剎車參數設定異常,DQ2擊穿,內置回生電阻燒","剎車參數設定異常,DQ2擊穿,內置回生電阻燒毀"
剎車問題,刹車異常
剎車壞,刹車異常
剎車打不開,刹車打不開
"剎車晶體DQ2擊穿,回生電阻open","刹車晶體DQ2燒毀, 軟啓電阻OPEN"
"剎車晶體DQ2擊穿,回生電阻損壞,DD15炸,DC96炸","刹車晶體DQ2擊穿,回生電阻損壞,DD15炸裂,DC96炸裂"
"剎車晶體DQ2擊穿,回生電阻燒","刹車晶體DQ2擊穿,回生電阻燒毀"
"剎車晶體DQ2燒壞,軟啓電阻DR28 open","刹車晶體DQ2燒毀, 軟啓電阻DR28 OPEN"
"剎車晶體打火燒壞,內部有少量金屬粉","刹車晶體打火燒毀,內部有少量金屬粉"
剎車晶體折腳方式異常,刹車晶體折脚方式異常
"剎車晶體擊穿,回生電阻open","刹車晶體擊穿,回生電阻oPen"
"剎車晶體炸裂,PIN腳打火,整流子DD21擊穿","刹車晶體炸裂,PIN脚打火,整流子DD21擊穿"
剎車有問題,刹車異常
剎車模組損壞,刹車模組損壞
剎車電阻出現發熱現象,剎車電阻損壞
剎車電阻壞,剎車電阻損壞
"剛開機可以運行,久了就不動,給脈衝也不動,沒有故障碼","剛開機可以運行,久了就不動,給脉衝也不動,沒有故障碼"
功能不良  檢測維修,"功能不良,檢測維修"
"功能正常,銘板有摔傷。","功能正常,銘板有摔傷"
"功能測試OA/OB/OZ fail,U25損壞","功能測試OA,OB,OZ fail,U25損壞"
"加料機捅料杆總往下掉,應該是驅動機有問題,換了個驅動就好了","加料機捅料杆總往下掉,應該是驅動機有問題,換驅動可解决"
參數丟失,參數報錯
參數設定錯誤,參數設置異常
"參數設置後,再斷電無法保存",參數設置異常
"參數設置異常,P1-01=106。","參數設置異常,P1~01=106"
"只上電L1C和L2C情況,驅動器出現AL006報警",只上電L1C和L2C情况報警AL006
"只接電源線,P/C有310V電壓輸出","只接電源線,P,C有310V電壓輸出"
周轉機控制板被維修非元件燒壞,周轉機控制板被維修非元件燒毀
啓動電阻壞,啓動電阻燒毀
啓動電阻燒壞,啓動電阻燒毀
回升電阻發熱,回生電阻發熱
回生電阻open,回生電阻OPEN
回生電阻燒,回生電阻燒毀
"在設備運行一個月左右,報警AL001,AL006,電機停轉","在設備運行一個月左右報警AL001,AL006"
地線螺絲擰不緊,地線螺絲滑牙
報001,AL001
"報001,009","AL001,AL009"
報001.009,"AL001,AL009"
報003,AL003
報0031,AL031
報006,AL006
"報006和009,有時候識別不到,不會走,有時候瞬間返回的時候它不動,反轉的時候不會動,導致報警","AL006,AL009,有時候識別不到,不會走,有時候瞬間返回的時候它不動,反轉的時候不會動,導致報警"
報006過載,AL006
報009,AL009
報01,AL001
"報01,過電流","AL001,過電流"
報011,AL011
"報011,第3次報修","AL011,第3次報修"
報03,AL003
報033,AL033
報06,AL006
報06.09待檢測,"AL006,AL009,待檢測"
報083,AL083
報085,AL085
報086,AL086
"報09,可能燒了",AL009
報09F,AL09F
報0X31,AL0X31
報180,AL180
報20,AL020
報22,AL022
報3C3,AL3C3
報AL001,AL001
報AL001 低電壓,"AL001,低電壓"
"報AL001 過電流,不是上電就報,間接性報故障","AL001,過電流,不是上電就報,間接性報故障"
報AL001需要檢測報告,"AL001,需要檢測報告"
報AL003,AL003
報AL004,AL004
報AL006,AL006
報AL006 /  AL085,"AL006,AL085"
"報AL006,AL086","AL006,AL086"
報AL011,AL011
報AL011代碼,AL011
報AL06過載,AL006
報AL072,AL072
報AL083,AL083
報AL085,AL085
報AL091,AL091
報AL09C,AL09C
報AL09F,AL09F
"報AL09F,需要技術檢測",AL09F
報AL3E1,AL3E1
報ALL298,AL298
報L09F,AL09F
報OX03E3,ALOX03E3
報RD-3,ALRD3
報RL.086,AL086
報RL003,AL003
報RL011,AL011
報e23,ALE23
報低電壓,報警
報故障碼 L085 AL01,"AL001,AL085"
報警  丟原點,報警
報警 RL003,AL003
報警 沒反應,報警
"報警,燒壞,短路,無顯示或無輸出",報警
"報警,需檢測報告",報警
報警001,AL001
報警001.需要檢測報告,AL001
報警006,AL006
報警01,AL001
報警022.需要檢測報告,AL022
報警02f,AL02F
報警03,AL003
報警06,AL006
報警083,AL083
報警085,AL085
"報警086,懷疑內置電阻不良","AL086,懷疑內置電阻不良"
報警09,AL009
報警09F,AL09F
報警11,AL011
報警15,AL015
報警22,AL022
報警3E3,AL3E3
報警85,AL085
報警86,AL086
報警90F,AL90F
報警A1C31,ALC31
報警AL001,AL001
報警AL001.需檢測報告,AL001
報警AL001/通電無顯示 燒了,AL001
報警AL001/通電無顯示 燒了 /剎車輸出點一直有輸出,AL001
報警AL003,AL003
"報警AL003,故障上電無顯示",AL003
報警AL003.需檢測報告,AL003
"報警AL003/AL005,換臺就正常","AL003,AL005"
報警AL003低電壓,AL003
報警AL006,AL006
"報警AL006,需要檢測報告",AL006
報警AL009,AL009
報警AL01,AL001
報警AL011,AL011
報警AL011 無法通訊,AL011
"報警AL011,報警AL068,內部送電導致跳閘","AL011,AL068"
報警AL011並閃爍,AL011並閃爍
報警AL013 AL025,"AL013,AL025"
報警AL016,AL016
"報警AL016,DJ1 pin22對pin24短路","AL016,DJ1 PIN22對PIN24短路"
報警AL016.不顯示,AL016
報警AL019,AL019
報警AL022,AL022
"報警AL022,需要檢測報告",AL022
報警AL025,AL025
報警AL031,AL031
報警AL035,AL035
報警AL044,AL044
報警AL048,AL048
"報警AL06,開不了機",AL006
報警AL068,AL068
報警AL083,AL083
"報警AL083,AL006","AL083,AL006"
報警AL085,AL085
"報警AL085,回生電阻異常",AL085
報警AL086,AL086
報警AL088,AL088
報警AL09,AL009
報警AL09F,AL09F
報警AL09F 電容充電異常,AL09F
報警AL100,AL100
報警AL11,AL011
報警AL16,AL016
報警ALM011,AL011
報警Al 001/偶發通訊異常,"AL001,偶發通訊異常"
報警RL.09C,AL09C
報警RL09C,AL09C
報警待檢測,報警
報警無法消除,報警
報警異常,報警
報警過負荷 AL06 AL086,"AL006,AL086"
報警過電流,報警
報過流AL83,AL083
報過電流,報警
報錯,報警
報錯001,AL001
報：AL031,AL031
"塑膠外殼燒熔,DC83,82鼓包,整流子DD22,DD23擊穿","塑膠外殼燒毀熔,DC83,82鼓包,整流子DD22,DD23擊穿"
壓敏電阻燒壞,壓敏電阻燒毀
壓線螺絲滑絲,壓線_螺絲滑牙
壞,異常
壞了,異常
"外殼燒壞,DC83,DC84炸裂","外殼燒毀,DC83,DC84炸裂"
外殼燒熔,外殼燒毀熔
"外殼燒熔,DC3,DC83,DC84鼓包","外殼燒毀熔,DC3,DC83,DC84鼓包"
"外部有腐蝕痕跡,端子&case燒融","外部有腐蝕痕迹,端子&case燒毀融"
"外部溫度過高導致伺服報警AL016,CASE熱融。","外部溫度過高導致伺服報警AL016,CASE熱融"
外部端子R 螺絲滑牙,外部端子R螺絲滑牙
外部端子T 螺絲滑牙,外部端子T螺絲滑牙
大量金屬粉污染,大量金屬絲
客報故障,客訴故障
"客戶反應UVW端有問題,煩請幫全面檢測,謝謝！",客戶反應UVW端有問題
客戶反應輸出扭力不夠,客戶反應輸出扭力不够
客戶反映報警06,AL006
客戶反映燒了,客戶反映燒毀
"客戶反映現場使用異常報警06,同樣參數換一臺就不報",AL006
"客戶反映顯示故障,幫檢測,謝謝！",客戶反映顯示故障
客戶端高速運行報03,客戶端高速運行報AL003
客戶等不急自己購買新機未用上週轉,客戶自行購買新機未用上周轉
客戶自行維修更換過元件,客戶自行維修拆除元件
"客戶誤報修,非DSP黑屏範圍內產品","客戶誤報修,非DSP黑屏範圍內産品"
客訴cn1異常,客訴CN1異常
"客訴故障：短路   檢查結果：上電無顯示,內部發紅燒燬,未跳閘","客訴故障：短路   檢查結果：上電無顯示,內部發紅燒毀,未跳閘"
客責-R螺絲應力痕跡明顯,客戶責任~R螺絲應力痕跡明顯
"實際電壓正常,但顯示報警086或R處鎖不緊/地線螺絲擰不緊/屏幕顯示不全","AL086,螺絲滑牙,顯示異常"
少一個按鍵,少按鍵
少按鈕,少按鍵
"少按鍵,按鈕鬆動",少按鍵
屏幕不亮,屏幕無顯示
屏幕不顯示,屏幕無顯示
屏幕時亮時不亮,屏幕顯示不全
工作中有時報警RL003,AL003
帶機運轉報AL01,帶電運轉報AL001
帶載正常,帶電測試運行正常
帶載測試運行正常,帶電測試運行正常
帶載運行正常,帶馬達運轉正常
帶電機運行正常,帶電測試運行正常
帶馬達運行報警ALC31,帶馬達報警ALC31
"帶馬達運轉正常,未發現損壞痕跡。","帶馬達運轉正常,未發現損壞痕跡"
帶馬達長時間運轉正常,帶馬達運轉正常
幫忙全面檢測,檢查維修
幫忙檢測,檢查維修
手焊時錫渣掉落IGBT腳位短路,手焊時錫渣掉落IGBT脚位短路
找不到站點/通電報AL09C,"找不到站點,通電報AL09C"
找不到站點/通電顯示屏不亮/報AL61,"找不到站點,通電顯示屏不亮,報AL061"
"把穩壓IC U6 pin上防潮膠移除,上電電壓偵測就恢復正常","把穩壓IC U6 PIN上防潮膠移除,上電電壓偵測就恢復正常"
"拆機檢查DC BUS CAP DC82,DC83,DC84電容微鼓包,DC3電容鼓包","拆機檢查DC BUS CAP DC82,DC83,DC84電容微鼓包 ,DC3電容鼓包"
"按shift,伺服報警AL03E3","按SHIFT,伺服報警AL03E3"
按shift會導致3E3,"按SHIFT,伺服報警AL03E3"
按shift鍵報警通訊斷線,按SHIFT鍵報警通訊斷線
按shift鍵會造成EtherCAT通訊錯誤,按SHIFT鍵會造成EtherCAT通訊錯誤
按鈕mode shift down壞了,"按鍵MODE,SHIFT,DOWN異常"
按鈕mode shift壞了,"按鍵MODE,SHIFT異常"
按鈕mode up shift壞了,"按鍵MODE,UP,SHIFT異常"
按鈕mode壞了,按鍵MODE異常
"按鈕mode壞了,外殼損傷","按鍵MODE異常,外殼損傷"
按鈕up shift壞了,"按鍵UP,SHIFT異常"
按鈕up壞了,按鍵UP異常
按鈕全部壞了,按鍵全異常
按鈕壞,按鍵異常
按鈕壞了,按鍵異常
按鈕失靈,按鍵不靈敏
按鈕掉了,按鍵缺失
按鈕損壞,按鍵缺失
按鈕沒蓋子,按鍵缺失
按鈕無反應,按鍵不靈敏
按鈕無效,按鍵不靈敏
按鍵不良,按鍵不靈敏
按鍵不靈,按鍵不靈敏
按鍵壞,按鍵損壞
按鍵壞了,按鍵損壞
"按鍵壞了,螺絲滑牙","按鍵損壞,螺絲滑牙"
按鍵失靈,按鍵異常
按鍵掉落,按鍵缺失
按鍵斷,按鍵損壞
按鍵斷了,按鍵損壞
按鍵異常,按鍵脫落
掉了一個按鈕,缺按鍵
接上BCC2B3JBW20502058此序列號電機後直接燒壞,接上BCC2B3JBW20502058此序列號電機後直接燒毀
接受脈衝控制不了方向,接受脉衝控制不了方向
接口壞,接口不良
接口有問題,接口不良
接地螺絲又擰不緊,接地螺絲滑牙
接地螺絲擰不緊,接地螺絲滑牙
接收不了脈衝,接收不了脉衝
接收脈衝無反應,接收脉衝無反應
接綫錯誤,接線錯誤
接線 1-3滑絲,接線 1~3滑絲
接線的牙壞了,接線螺孔滑牙
接線端子L1c漏焊,接線端子L1C漏焊
接線端子螺絲扣滑牙,螺絲滑牙
接線端螺絲打滑,螺絲滑牙
接觸不良顯示亂碼,接觸不良
"控制板1.2V短路,R222燒,DR58損壞,IGBT底部燒穿一個洞","控制板1.2V短路,R222燒毀,DR58損壞,IGBT底部燒毀穿一個洞"
"控制板多處炸機,U1,U5,U6,U7,U8,U15,U18,U33,L1,D13等損壞","控制板多處炸裂機,U1,U5,U6,U7,U8,U15,U18,U33,L1,D13等損壞"
控制板有明顯維修痕跡,控制板有明顯維修痕迹
"控制板有維修痕跡,IGBTpin腳彎,焊錫異常,AB機","控制板有維修痕迹,IGBTPIN脚彎,焊錫異常,AB機"
"控制面板顯示AL085,300VDC上電,檢查VBUS電壓為552VDC","控制面板顯示AL085,300VDC上電,檢查VBUS電壓爲552VDC"
"換的系列A-1021-E這臺週轉機,前幾天拆開調試,發現主板上有燒了的痕跡","換的系列A~1021~E這台周轉機,前幾天拆開調試,發現主板上有燒毀了的痕迹"
撞機走位不準,撞機後走位異常
操作面板無顯示,顯示異常
收不到上位機發送的脈衝指令,收不到脉衝
收不到脈衝,收不到脉衝
收不到脈衝 位置走不準,收不到脉衝
"故障,報al001",AL001
"故障現象:新機,初次上電 面板顯示不全",上電無顯示
"散熱片受潮,產品功能測試正常","散熱片受潮,産品功能測試正常"
"散熱片有泡水受潮痕跡,V相電流偵測芯片DPH2供電5VV爲0V,DD7二極管特性異常變大","散熱片有泡水受潮痕迹,V相電流偵測芯片DPH2供電5VV爲0V,DD7二極管特性異常變大"
"散熱片有泡水受潮痕跡,W相電流偵測芯片DPH5 5VW對PIN8(AGND)短路,軟起電路DQ3特性異常","散熱片有泡水受潮痕迹,W相電流偵測芯片DPH5 5VW對PIN8(AGND)短路,軟起電路DQ3特性異常"
"整機上電讀取參數正常,無故障顯示,帶馬達空載3000rpm運行正常,連續帶滿載4小時正常運行","整機上電讀取參數正常,無故障顯示,帶馬達空載3000rPm運行正常,連續帶滿載4小時正常運行"
"整流子 pin腳打火,有鐵片進去","整流子 PIN腳打火,有鐵片進去"
整流子 pin腳打火熔斷,整流子PIN腳打火熔斷
"整流子DD22 RS對P擊穿,IGBT U上橋擊穿","整流子DD22,RS對P擊穿,IGBT U上橋擊穿"
整流子DD22 R對N短路,"整流子DD22,R對N短路"
整流子DD22和DD23擊穿,"整流子DD22,DD23擊穿"
整流子DD22和DD23炸機,"整流子DD22,DD23炸裂機"
"整流子DD22擊穿,DVAR1PIN腳炸斷","整流子DD22擊穿,DVAR1PIN脚炸裂斷"
"整流子DD22擊穿,IGBTP對UVW open,com對PIN 17open","整流子DD22擊穿,IGBTP對UVW OPEN,com對PIN 17OPEN"
"整流子DD22擊穿,IGBT炸","整流子DD22擊穿,IGBT炸裂"
"整流子DD22擊穿,軟起電阻DR28燒,DR42炸,IGBT炸","整流子DD22擊穿,軟起電阻DR28燒毀,DR42炸裂,IGBT炸裂"
整流子R/S/T對P全部短路,"整流子R,S,T對P全部短路"
"整流子R對P short,R通道銅箔熔斷","整流子R對P SHORT,R通道銅箔熔斷"
"整流子R對P擊穿,R通道銅箔熔斷,IGBT炸裂,IGBT散熱底板與HSK有跳火痕跡","整流子R對P擊穿,R通道銅箔熔斷,IGBT炸裂,IGBT散熱底板與HSK有跳火痕迹"
"整流子擊穿,DD1擊穿,DR1open,DU1燒壞","整流子擊穿,DD1擊穿,DR1 OPEN,DU1燒毀"
"整流子擊穿,IGBT炸","整流子擊穿,IGBT炸裂"
"整流子擊穿,內部燒燬嚴重","整流子擊穿,內部燒毀嚴重"
"整流子擊穿,銅箔燒壞,DC53鼓包,DJ1粘膠","整流子擊穿,銅箔燒毀,DC53鼓包,DJ1粘膠"
整流子炸,整流子炸裂
整流子燒錄,整流子燒毀錄
整流子鎖裂/IGBT鎖傷,"整流子鎖裂,IGBT鎖傷"
"整流炸,DC82鋁殼擊穿","整流炸裂,DC82鋁殼擊穿"
數字圖像顯示失敗,數字顯示不全
數碼管壞,數碼管顯示異常
數顯不準,數顯不准
"新機,報警10,要求更換新機","新機,報AL010,要求更換新機"
"新機,外觀刮花,客戶以爲是舊機,要求退貨。","新機,外觀刮花,客戶以爲是舊機,要求退貨"
"新機,按鍵有問題","新機,按鍵異常"
"新機,顯示筆畫不全","新機,顯示筆劃不全"
"新機上電就炸,故障報警AL09F","新機上電就炸裂,報AL09F"
新機刷韌體報001,"新機刷韌體,報AL001"
新機按鍵壞,"新機,按鍵異常"
新機通電報警AL011,"新機通電,報AL011"
斷電無剎車,斷電無刹車
斷電自動復位退料,斷電自動複位退料
"更換交流接觸器後,工作一段時間報警056","更換交流接觸器後,工作一段時間報警AL056"
有一個按鈕缺失,按鍵缺失
有一個按鍵是壞的,按鍵損壞
有個螺絲滑牙了,螺絲滑牙
有時上電不顯示,上電後異常
"有時有顯示,有時無顯示",有時無顯示
有時黑屏,有時無顯示
"有污染腐蝕,DQ2短路,回生電阻OPEN,U33短路,DR4炸","有污染腐蝕,DQ2短路,回生電阻OPEN,U33短路,DR4炸裂"
有異物粘在IGBTpin腳上,有異物粘在IGBTPIN脚上
"有鐵屑污染導致DQ2剎車晶體損壞,回生電阻OPEN","有鐵屑污染導致DQ2刹車晶體損壞,回生電阻OPEN"
"未使能,6號報警",未使能AL006
"未接馬達報001,要求換新機",未接馬達報警AL001
未能重現故障,未能重現異常
板子燒燬,板子燒毀
"極偶爾出現過無顯示的狀況,後續無法重現","極偶爾出現過無顯示的狀况,後續無法重現"
檢出器輸出脈波數設定錯誤,檢出器輸出脉波數設定錯誤
"檢查剎車放電正常,測試機測試pass,測試EtherCat功能正常,帶馬達高低速運轉正常,CND","檢查刹車放電正常,測試機測試Pass,測試EtherCat功能正常,帶馬達高低速運轉正常,CND"
檢查正常,檢測正常
檢測,檢查維修
檢測正常檢測正常,檢測正常
檢測維修,檢查維修
"正常使用中,突然就壞了",正常使用過程中壞
"正常使用中,輸入點R.S點燒壞","正常使用中,輸入點R.S點燒毀"
"正常使用的情況下,按鍵壞,品質問題","正常使用的情况下,按鍵壞,品質問題"
正常顯示,"正常顯示,功能正常使用"
"正常顯示,無異常","正常顯示,功能正常使用"
"死機,按按鈕無反應",死機
"殘餘樹脂使clamp 夾住lead fame時,造成frame滑動而拉扯到wire bond的線","殘餘樹脂使clamP 夾住lead fame時,造成frame滑動而拉扯到wire bond的線"
污染,異物污染
"沒有數顯,啓動電機,迴轉發燙","沒有數顯,啓動電機,回轉發燙"
沒有發送脈衝,沒有發送脉衝
沒有脈衝輸出,沒有脉衝輸出
沒有顯示 需要檢測報告,"沒有顯示,需要檢測報告"
"油污,IGBT及DR58損壞","油污污染,IGBT及DR58損壞"
測試probe導致pad crack,測試Probe導致Pad crack
滑牙,螺絲滑牙
滑牙（R),螺絲滑牙
滑絲,螺絲滑牙
滿載對託功能正常,滿載對托功能正常
漏電,漏電跳閘
"漏電,上電聲音大",上電後異常
"漏電,報001","漏電跳閘,AL001"
炸機,炸裂機
炸機 整流,"炸裂機,整流"
"炸機,整流子擊穿,銅箔燒壞,按鍵失效","炸裂機,整流子擊穿,銅箔燒毀,按鍵失效"
炸機嚴重,炸裂機
無信號,無法通訊
無反應,無法正常工作
無反應或找不到站號,無法正常工作
無反饋,無法正常工作
無失效現象,無異常
無數字顯示,顯示異常
無法使用,無法正常工作
無法寫入參數,無法導入參數
"無法正常使用,待檢測",無法正常工作
無法正常運行,無法正常工作
無法燒錄,無法燒毀錄
"無法通訊,需要檢測報告",無法通訊
無法連接,無法通訊
無法運行,無法正常工作
無法開機燒保險,無法開機燒毀保險
無法顯示,顯示異常
無法顯示;,顯示異常
無法顯示;上電無顯示,顯示異常
無法顯示;上電無顯示;,顯示異常
無法顯示;整機炸機;,"顯示異常,炸裂機"
無法顯示上電無顯示,上電無顯示
無脈衝輸出,無脉衝輸出
"無規律的報警AL048,AL007","無規律的報警AL048, AL007"
無輸出動力,無輸出
無通訊,無法通訊
無零件損壞,無損壞
無顯示,顯示異常
"無顯示,但是過段時間又有顯示了",顯示異常
"無顯示,低阻抗","顯示異常,低阻抗"
"無顯示,更新韌體後正常","顯示異常,更新韌體後正常"
"無顯示,機內粉塵多,剎車晶體壞","顯示異常,機內粉塵多,刹車晶體壞"
"無顯示,炸機","顯示異常,炸裂機"
無顯示無輸出,顯示異常
無顯示面板保護蓋,顯示異常
燈不亮,燈不顯示
燒了,燒毀
"燒了,電容炸了",燒毀
燒壞,燒毀
"燒壞,上電炸一下火花,報警AL001",AL001
"燒壞,風扇不轉,報警P10",ALP10
燒壞/上電無顯示/剎車點位有問題/警告無法消除/報警001/不通電/報AL006/DOH一直有輸出,"AL001,AL006"
燒壞漏電,燒毀
燒壞無顯示,燒毀
燒掉,燒毀
燒機,燒毀
"燒毀,不顯示",燒毀
燒火,燒毀
燒燬了 不工作,燒毀錄失敗
燒錄不了,燒毀
燒錄失敗,燒毀
現場報86,AL086
產品只有軟啟電阻和relay損壞,産品只有軟啓電阻和relay損壞
產品帶馬達運轉正常,帶馬達運轉正常
"產品帶馬達運轉正常,檢查剎車放電正常,CND","帶馬達運轉正常,檢查剎車放電正常,CND"
"產品帶馬達運轉正常,測試測試PASS,CND","帶馬達運轉正常,測試測試PASS,CND"
產品測試機測試正常,帶馬達運轉正常
異常報警AL006,AL006
異物掉落在排pin上,異物掉落在排Pin上
"當驅動器不運行時,CN4通訊正常,當驅動器運行時,CN4通訊造成FX-5U PLC的485端口燒壞。電腦USB接口也燒壞,造成整機漏保電源開關跳脫。","當驅動器不運行時,CN4通訊正常,當驅動器運行時,CN4通訊造成FX~5U PLC的485端口燒毀電腦USB接口也燒毀,造成整機漏保電源開關跳脫"
發脈衝不執行,發脉衝無反應
發脈衝只有一個方向,發脉衝只有一個方向
發脈衝沒反應,發脉衝無反應
發脈衝無反應,發脉衝無反應
短路,SHORT
短路引起跳閘,SHORT
"硬件問題,某個模塊有問題收不到PLC發送的脈衝信號","硬件問題,某個模塊有問題收不到PLC發送的脉衝信號"
"移除了Q11,R260電阻,為對策後的產品","移除了Q11,R260電阻,爲對策後的産品"
程式燒錄失敗,程式燒毀錄失敗
端子T螺絲壞,T端子_螺絲滑牙
端子壞了,端子異常
端子排R螺絲滑牙,R端子_螺絲滑牙
端子插不進,端子異常
"端子粘膠,DR1燒壞,DC3底部trace燒壞","端子粘膠,DR1燒毀,DC3底部trace燒毀"
端子鈑金座與NUT偏心,端子鈑金座與NUT偏位
第一個螺絲位置擰不下去,第一個螺絲滑牙
"第一次L1L2上電顯示正常,控制板單獨上電5V,3.3V,1.2V均正常,C20 3.4Mohm,C21 2.8Mohm,第二次L1L2上電伺服伺服無顯示,內部冒煙,U42擊穿","第一次L1L2上電顯示正常,控制板單獨上電5V,3.3V,1.2V均正常,C20 3.4Mohm,C21 2.8Mohm,第二次L1L2上電伺服伺服無顯示,內部冒烟,U42擊穿"
"第一次上電顯示正常,第二次上電無顯示,產品返回吳江反饋上電幾十次顯示都是正常,不良現象無法重現","第一次上電顯示正常,第二次上電無顯示,産品返回吳江反饋上電幾十次顯示都是正常,不良現象無法重現"
第二個螺絲孔滑牙,第二個螺絲滑牙
"第二個螺絲滑牙,擰不出",第二個螺絲滑牙
第二顆螺絲滑牙了,第二個螺絲滑牙
"粉塵污染導致DQ2炸,DD23擊穿,DD15炸,DJ4跳火,回生電阻OPEN","粉塵污染導致DQ2炸裂,DD23擊穿,DD15炸裂,DJ4跳火,回生電阻OPEN"
約5分鐘左右死機,死機
"網口ERR變紅,不斷反覆","網口異常,ERR變紅,不斷反復"
"網口不通訊,指示燈不亮","網口異常,不通訊,指示燈不亮"
網口接觸不良,"網口異常,接觸不良"
網口故障,網口異常
網口通訊不上,"網口異常,通訊不良"
網口通訊接觸不好,"網口異常,通訊接觸不好"
"網口針腳歪斜,接觸不良","網口異常,針脚歪斜,接觸不良"
網絡通訊異常,"網口異常,通訊不良"
"網線端口,通訊連不上","網口異常,通訊不良"
線圈燒,線圈燒毀
編碼器報警AL011,AL011
編碼器接口接觸不良,編碼器異常
編碼器故障,編碼器異常
編碼器無反饋,"編碼器異常,無反饋"
編碼器線驅動器端的金屬殼導致驅動器報AL006,AL006
"編碼器輸出沒反饋,有問題/新機",編碼器異常
編碼器電源短路.加急,"編碼器異常,電源短路.加急"
編碼接口壞,編碼器異常
缺少按鈕,缺按鍵
缺少配件,缺按鍵
"聲音端口異常,脈衝不良","聲音端口異常,脉衝不良"
脈衝口壞,脉衝口異常
脈衝口壞了,脉衝口異常
脈衝口故障,脉衝口異常
脈衝接口壞,脉衝口異常
脈衝方向無,脉衝方向無
脈衝有問題,脉衝口異常
脈衝異常,脉衝口異常
脈衝的輸入量和電機實際轉速不匹配,脉衝的輸入量和電機實際轉速不匹配
脈衝輸入口有問題,脈衝輸入異常
脈衝輸出無反應,脉衝輸出無反應
脈衝頻率輸出錯誤,脉衝頻率輸出錯誤
螺帽有損壞痕跡,螺帽損壞
"螺絲來料就有問題,需要申請換新機的",螺絲滑牙
螺絲打滑,螺絲滑牙
螺絲擰不緊,螺絲滑牙
螺絲斷,螺絲斷裂
螺絲滑平,螺絲滑牙
螺絲滑牙了,螺絲滑牙
螺絲滑絲,螺絲滑牙
螺絲滑開,螺絲滑牙
螺絲鈕不了,螺絲滑牙
螺絲頭滑牙,螺絲滑牙
裏面有螺絲,螺絲斷裂
請幫忙全面檢測,檢查維修
讀不出條碼,讀取異常
"讀取不出,C2接頭無反應",讀取異常
讀取不到ID,讀取異常
"變壓器DT1打火,IGBT PIN腳鐵屑污染","變壓器DT1打火,IGBT PIN脚鐵屑污染"
"變壓器底部打火,周邊有少量金屬屑,DU1損壞","變壓器底部打火,內部有金屬屑,DU1損壞"
"負載超100,無法下調,報錯ER006",AL006
"軟啟電阻DR28燒壞,DC83側邊鼓包","軟啟電阻DR28燒毀,DC83側邊鼓包"
軟啟電阻燒壞,軟起電阻燒毀
"軟啟電阻燒壞,IGBT U對P擊穿","軟起電阻燒毀,IGBT U對P擊穿"
軟起燒,軟起燒毀
"軟起燒,Relay pin腳燒熔,內部油漬污染嚴重","軟起電阻燒毀,Relay PIN脚燒毀熔,內部油漬污染嚴重"
"軟起電阻DR28燒,DR42炸,IGBT炸,整流子DD22,DD23擊穿","軟起電阻DR28燒毀,DR42炸裂,IGBT炸裂,整流子DD22,DD23擊穿"
"軟起電阻DR28燒,剎車晶體CE擊穿,剎車晶體底部有導電金屬絲","軟起電阻DR28燒毀,剎車晶體CE擊穿,剎車晶體底部有導電金屬絲"
"軟起電阻DR28燒壞,IGBT炸","軟起電阻DR28燒毀,IGBT炸裂"
"軟起電阻DR28燒壞,回聲電阻Open,銅箔燒壞","軟起電阻DR28燒毀,回聲電阻OPEN,銅箔燒毀"
"軟起電阻open,液體污染","軟起電阻OPEN,液體污染"
軟起電阻炸,軟起電阻炸裂
軟起電阻燒,軟起電阻燒毀
"軟起電阻燒,IGBT炸","軟起電阻燒毀,IGBT炸裂"
"軟起電阻燒,relay融損,DR58炸,IGBT單體量測：邊緣鎖裂,P對UV短路對W0.139VDC,N對W短路,對V特性異常0.152VDC","軟起電阻燒毀,relay融損,DR58炸裂,IGBT單體量測：邊緣鎖裂,P對UV短路對W0.139VDC,N對W短路,對V特性異常0.152VDC"
"軟起電阻燒,回生電阻過熱","軟起電阻燒毀,回生電阻過熱"
軟起電阻燒壞,軟起電阻燒毀
輪流報AL006/AL003,"AL003,AL006"
輸不了參數,輸入參數異常
"輸入,輸出壞","輸入異常,輸出異常"
輸入壞,輸入異常
輸入損壞,輸入異常
輸入炸壞,輸入異常
輸入短路,輸入端口短路
輸出TO點有問題,輸出TO異常
輸出壞,輸出異常
輸出故障,輸出異常
"輸出端U燒壞,面板接觸不良","輸出端U燒毀,面板接觸不良"
逆變模塊U/W對P短路,"逆變模塊U,W對P SHORT"
逆變短路,逆變SHORT
通信不上,通訊異常
通信不良,通訊異常
通信故障,通訊異常
通訊不上,通訊異常
"通訊不上總線,換上其他的是好的",通訊異常
通訊不暢,通訊異常
通訊不穩定,通訊異常
通訊不良,通訊異常
"通訊不良,無顯示,報警",通訊異常
通訊不良/無法解除剎車/無顯示/報警/電機自行下降,通訊異常
通訊不良/無顯示/報警,通訊異常
通訊斷,通訊異常
通訊時好時壞,通訊異常
"通訊正常,運轉正常",通訊正常
通訊異常 AL1200,"通訊異常,AL1200"
通訊連不上,通訊異常
通電一會就不顯示了,通電一段時間後重啟不顯示
通電一段時間後不顯示,通電一段時間後重啟不顯示
通電一段時間後死機,通電一段時間後重啟不顯示
"通電一段時間後死機,重啓後不顯示",通電一段時間後重啟不顯示
"通電一段時間後死機,重啟不顯示",通電一段時間後重啟不顯示
通電不亮,通電不顯示
通電但是不顯示,通電異常
通電冒煙,通電冒火花
通電和信號沒反映,通電不顯示
通電報AL09C,通電報警AL09C
通電就燒了,通電冒火花
通電屏幕不顯示,通電不顯示
"通電後死機,再通電無顯示",通電一段時間後重啟不顯示
"通電未顯示,/燒了,或通訊不良/掉線/報A2.02F,或W軸伺服通電無顯示","通電未顯示,,燒毀了,或通訊不良,掉線,報A2.02F,或W軸伺服通電無顯示"
通電沒反應,通電不顯示
通電沒有反應,通電不顯示
通電燒220V供電保險,通電燒毀220V供電保險
通電燒了,通電燒毀了
"通電移框時在抖動,換新一臺又正常","通電移框時在抖動,換新一台又正常"
通電顯示AL001,通電顯示AL006
通電顯示缺筆畫,通電顯示缺筆劃
連接不上電腦,連接異常
連接有問題,連接異常
連接電機異常,連接異常
運行2小時死機,運行約2小時死機
運行一會報警15,運行一段時間死機
"運行一會驅動無顯示,按鍵無反應","運行一段時間,報AL015"
運行一段時間死機,"運行一段時間,A02367:A2375報AL015"
"運行中報警01,時間不固定","運行中報AL001,時間不固定"
運行中報警85,運行中報AL085
"運行中燒起來,滅火後造成生鏽","運行中燒毀起來,滅火後造成生銹"
運行了2個小時就 黑屏,運行一段時間黑屏
運行會報警AL083,AL083
"運行約3分鐘左右報警AL001,重複ON/OFF有時顯示,有時無顯示","運行約3分鐘左右報警AL001,重複ON,OFF有時顯示,有時無顯示"
運行約半小時左右死機,運行約30分鐘左右死機
運行過程中出現黑屏,顯示異常
"運轉中報警AL003,無法運轉",AL003
過壓,過電報警
過壓過流,過壓
過流,過流報警
過流報警,過流
過載,過流報警
過電報警,AL001
過電壓,過電報警
過電流,過電報警
過電流報警AL001,過電報警
"還回條碼不一致,al006","還回條碼不一致,AL006"
"還回條碼不一致,上電沒反應","還回條碼不一致,上電後異常"
還回週轉機,還回周轉機
"量取U21 pin3與pin5阻抗異常為0.7Mohm,正常的阻抗在1.6Mohm","量取U21 PIN3與PIN5阻抗異常為0.7Mohm,正常的阻抗在1.6Mohm"
量測C21低阻抗2.1kΩ。正常為MΩ級別,量測C21低阻抗2.1kΩ正常為MΩ級別
"金屬屑污染,DR28燒,IGBT上橋U相CE擊穿","金屬屑污染,DR28燒毀,IGBT上橋U相CE擊穿"
"金屬屑進入,IGBT擊穿","金屬屑污染,IGBT擊穿"
"金屬屑進入,整流子擊穿","金屬屑污染,整流子擊穿"
金屬污染,金屬屑污染
金屬絲,金屬屑污染
針腳壞,針脚壞
"針腳無歪斜,通訊正常","針脚無歪斜,通訊正常"
針釦不能用,針扣不能用
"銅箔損壞,IGBT open,DR58炸","銅箔損壞,IGBT oPen,DR58炸裂"
"銅箔炸,DD22之間pin腳打火","銅箔損壞,DD22之間PIN腳打火"
"銘板脫落不見,mode按鍵損壞","銘板脫落不見,MODE按鍵損壞"
"銘板蓋缺失,UP,Shift按鍵缺失","銘板蓋缺失,UP,SHIFT按鍵缺失"
"銘牌和實際功率不一樣,需要檢測報告","銘板蓋和實際功率不一樣,需要檢測報告"
"銘闆闆蓋缺失,外觀無磕痕,使用時間爲0小時","銘板蓋缺失,外觀無磕痕,使用時間爲0小時"
錫珠導致間歇性斷電,錫渣導致間歇性斷電
錫短,錫渣短路
鎖不緊,螺絲滑牙
"鐵屑進入,IGBT擊穿","鐵屑污染,IGBT擊穿"
開機一會就報警,開機報警
開機報警085,"開機報警,AL085"
開機報警AL085或AL09F,"開機報警AL085,AL09F"
開機顯示黑屏,開機無顯示
零漂無法消除,過壓過流
零飄,零漂無法消除
電壓偵測不準,電壓偵測不准
"電壓偵測偵測異常,伺服報警AL085","電壓偵測異常,伺服報警AL085"
電容炸,電容異常
電容異常,電容炸裂
電機精準度不夠.需檢驗報告,電機精准度不够.需檢驗報告
電機自激震盪,電機自激震蕩
電流偵測異常,"電流平穩,功能正常"
"電流平穩,功能正常",電阻高蹺
"電流過大,無法使用",電流偵測異常
"電源板DR58炸,DD22擊穿,IGBT 單體量測,P對U短路,對W特性異常0.281vdc,N對U短路,com對5/7/9/10/11/12/16/17/2短路","電源板DR58炸裂,DD22擊穿,IGBT 單體量測,P對U短路,對W特性異常0.281vdc,N對U短路,com對5,7,9,10,11,12,16,17,2短路"
電源板多個元件受到腐蝕,電源板壞
"電源板：DT1打火,pin1和pin2 Open,DU1擊穿,整流子DD22擊穿,IGBT擊穿,DR300燒壞,控制板噴灰,電源系統全部損壞","電源板：DT1打火,PIN1和PIN2 OPEN,DU1擊穿,整流子DD22擊穿,IGBT擊穿,DR300燒毀,控制板噴灰,電源系統全部損壞"
電源螺絲打滑,電源_螺絲滑牙
電源螺絲滑牙,電源_螺絲滑牙
電源輸入壞,電源壞
電源輸入端R端螺絲鎖不緊,R端子_螺絲滑牙
電路板冒煙燒壞,電路板冒烟燒毀
電路板冒煙燒板或上電後顯示AL09F故障代碼,AL09F
"電阻R260應爲10KΩ,錯建爲0Ω（使其輸出電壓準位由3.3V被拉到GND）,該腳位與shift鍵控制Boot訊號,拉到GND造成以下問題",零飄
電阻高蹺,"電阻R260應爲10KΩ,錯建爲0Ω（使其輸出電壓準位由3.3V被拉到GND）,該脚位與SHIFT鍵控制Boot訊號,拉到GND造成以下問題"
"需要研發分析報告,報告故障現象:1.控制器使用50MC,正常運行過程中,控制器檢測到何服報警 。 驅動器上顯示正常,監控50MC軟件診斷顯示這臺驅動 報警AL,FFFF(運動控制器顯示),連接之後的驅","需要研發分析報告,報告故障現象:1.控制器使用50MC,正常運行過程中,控制器檢測到何服報警  驅動器上顯示正常,監控50MC軟件診斷顯示這台驅動 報警AL,FFFF(運動控制器顯示),連接之後的驅"
"靜置偶發報警AL001,重複ON/OFF有時顯示,有時無顯示","靜置偶發報警AL001,重複ON,OFF有時顯示,有時無顯示"
"靜置偶發報警AL001,重複ON/OFF有無顯示現象","靜置偶發報警AL001,重複ON,OFF有無顯示現象"
面板一直閃,面板異常
面板不亮,面板異常
面板不顯示,面板異常
面板不顯示可以復現,面板不顯示可以複現
"面板五個按鍵翹起,剎車電阻開路,帶馬達運轉正常","面板五個按鍵翹起,刹車電阻開路,帶馬達運轉正常"
面板壞,面板異常
面板數字不規則跳動,面板異常
"面板死機,C20/C21低阻抗","面板死機,C20,C21低阻抗"
面板燈不亮,面板異常
"面板蓋缺失,5VD短路（DPH9 PIN4-5-6短路）","面板蓋缺失,5VD短路（DPH9 PIN4~5~6短路）"
面板顯示異常,面板異常
面板顯示缺字,面板異常
韌體燒錄,韌體燒毀錄
顯示不全,顯示異常
"顯示不正常,自動跳",顯示異常
顯示不穩定,顯示異常
顯示亂碼,顯示異常
顯示和運轉正常,"顯示正常,運轉正常"
顯示器有數字不顯示,顯示異常
顯示報錯AL013警告停止輸出,"顯示異常,AL013"
顯示屏不亮,顯示異常
"顯示屏不亮,有焦味",顯示異常
顯示屏不定時閃,顯示異常
顯示屏不顯示,顯示異常
顯示屏壞了,顯示異常
顯示屏有問題,顯示異常
顯示屏有時正常有時顯示一半,顯示異常
顯示屏無顯示,顯示異常
顯示屏顯示不正常,顯示異常
"顯示故障,幫檢測",顯示異常
顯示有問題,顯示異常
"顯示正常,功能正常",顯示正常
"顯示正常,帶馬達運轉正常",顯示正常
顯示正常;馬達不轉,"顯示正常,馬達不轉"
"顯示異常,輸出DO1不受控","顯示異常,DO1異常"
顯示異常;,顯示異常
顯示異常;W螺絲滑牙,"顯示異常,W端子_螺絲滑牙"
顯示缺筆畫,顯示缺筆劃
"顯示缺筆畫,J10斷線","顯示缺筆劃,J10斷線"
顯示缺陷,顯示異常
驅動不亮,驅動器異常
驅動不帶負載上電報06過載,驅動器不帶負載上電報06過載
驅動不顯示,驅動器異常
"驅動不顯示,輸出不正常","驅動器異常,輸出異常"
驅動器5號針腳沒0V輸出,驅動器5號針脚沒0V輸出
驅動器上使不了使能,驅動器異常
驅動器上電沒顯示/有電源,驅動器上電無顯示
驅動器不亮,驅動器異常
驅動器不顯示,驅動器無顯示
"驅動器使能,電腦調試軟件斷線",驅動器異常
驅動器使能不上,驅動器異常
驅動器內部有東西被擊穿了,驅動器內部擊穿
"驅動器只能往一個方向走,驅動器我們也檢測了是脈衝方向問題","驅動器只能往一個方向走,驅動器檢測爲脉衝方向問題"
驅動器報F09,驅動器異常
驅動器帶電機有聲音,驅動器異響
驅動器沒有輸出,"驅動器異常,輸出異常"
"驅動器發脈衝出來,電機會卡頓,換一臺驅動器就好了",驅動器異常
驅動器短路,驅動器SHORT
"驅動器自帶了CN10,報警AL500","驅動器自帶CN10,報警AL500"
驅動器螺絲滑牙,驅動器_螺絲滑牙
驅動器通電顯示屏無顯示,驅動器上電無顯示
驅動器進水了,驅動器進水
驅動器運作的時 候偶爾會報警AL001,"驅動器損壞,報警AL001"
"驅動接觸不良,有時候有信號有時候沒信號 換1臺驅動器就沒有問題",驅動器異常
驅動無顯示,驅動器上電無顯示
驅動異常,驅動器異常
驅動異常撞機,"驅動器接觸不良,有時候有信號有時候沒信號 換1台驅動器就沒有問題"
驅動發脈衝電機不轉,驅動發脉衝電機不轉
黑屏,顯示異常
"黑屏,不顯示",顯示異常
"黑屏,內部線路板打火","顯示異常,內部線路板打火"
"黑屏,出測試報告","顯示異常,出測試報告"
"黑屏,批次問題,請換新","顯示異常,批次問題,請換新"
"黑屏,通訊不上","顯示異常,通訊不上"
黑屏/炸機,"顯示異常,炸裂機"
黑屏。不顯示,顯示異常
黑屏無顯示,顯示異常無顯示
點位燒壞,點位燒毀
"點動C軸機構伺服報006 009,線路電機沒問題","點動C軸機構伺服報AL006 009,線路電機正常"
